,Feature Name,1,2,3,4,5,6,7,8,9,10,11,12,13,14,15,16,17,18,19,20,21,22,23,24,25,26,27,28,29,30,31,32,33,34,35,36,37,38,39,40,41,42,43,44,45,46,47,48,49,50,51,52,53,54,55,56,57,58,59,60,61,62,63,64,65,66,67,68,69,70,71,72,73,74,75,76,77,78,79,80,81,82,83,84,85,86,87,88,89,90,91,92,93,94,95,96,97,98,99,100,mean,std
0,voxelcount0i,-5.634629772180681,0.0,-0.0,-0.0,0.0,0.0,-0.045443683703088295,-4.816288792212271,0.0,0.0,-0.0,-0.0,-0.0,0.0,0.0,-5.262189127600536,-0.0,-0.07825789344931115,0.0,-0.0,0.0,-0.0,-0.0,-4.953315979394509,-0.0,-0.0,-5.526433825039742,-0.0,-0.0,0.0,0.0,-0.13354009826997298,0.0,0.0,0.0,-0.0,-5.457659217530912,-0.0,0.0,-0.0,-0.0,-0.26950315895386306,-0.0,-4.719263837409865,0.0,-0.0,-0.0,0.0,-0.07496557205027359,-5.683584570901384,0.0,-0.0,-0.33833468964060404,0.0,-0.10947177327439551,-0.0,-0.0,0.0,-0.0,-4.858207306758065,-0.3042902114417398,-0.5243818393437151,-0.0,-0.0,-0.0,-5.250795906163339,-0.0,-0.0,-0.0,-0.18584601112703739,-0.0,0.0,0.0,0.0,-0.0,-0.0,-4.884900447883928,-0.0,-5.113683405227876,-0.0,-0.08437839100854043,-0.0,-0.0,-0.042595677227749686,-0.0,-0.0,-5.322860455069594,-0.059303624601227664,-0.0,-0.005763105509050919,-0.0,-0.08550070630569248,-5.310981936000945,0.0,-0.0,-0.0,-0.0,0.0,0.0,0.0,-0.751363710152799,1.79998908551733
34,differenceentropy0i,-2.726686673414681,0.0,-0.0,-0.0,-0.0,-0.0,-0.0,-3.6889933801423025,0.0,-0.0,-0.11674709311663393,-0.0,-0.0,-0.0,-0.0,-2.8637426026955883,-0.0,-0.0,-0.0,-0.0,0.0,-0.0,-0.001319164607302274,-2.614698043731749,-0.0,-0.0,-3.1768855697447203,-0.0,-0.0,-0.0,-0.0,-0.08027932553483648,0.0,-0.0,0.0,-0.0,-3.600711084859586,0.0,0.0,-0.0,0.0,-0.09463700842329252,-0.0,-3.3881458601778958,-0.0,-0.0,-0.0,0.0,-0.0,-2.675173431243335,0.0,0.0,-0.0,0.0,-0.0,-0.0,-0.0,0.0,-0.0,-2.5735203164000873,-0.0,-0.4526493920095707,-0.0,-0.0,-0.0,-2.6560519662718187,-0.0,0.0,-0.0,-0.0,-0.0,0.0,-0.0,-0.0,-0.0,-0.0,-2.887598014089925,-0.0,-3.028791210714564,-0.0,-0.12495271165781331,-0.0,0.0,-0.03942221487022858,-0.0,-0.0,-3.068975552229021,-0.0,-0.0,-0.0,-0.0,-0.0,-2.978121095077312,-0.0,-0.0,-0.0,-0.0,0.0,-0.0,0.0,-0.4283810171101227,1.044759602570685
54,hglre0i,-0.7971472780406581,0.0,-0.6263628368515125,0.0,-0.0,0.0,-1.3084491732844696,-1.0347171921752614,-0.0,0.0,-0.8246866233020734,0.0,-0.893804016558374,0.0,0.0,-0.8884481372915771,0.0,-1.488258259315877,0.0,0.0,0.0,0.0,-1.4789242617306053,-1.184670652894816,-0.85729643124523,0.0,-0.8328636903434984,0.0,0.0,0.0,0.0,-1.3164143088010416,0.0,0.0,0.0,0.0,-0.9539314391912381,0.0,0.0,-0.0,0.0,-1.1372387090169251,0.0,-1.1390099624065952,0.0,0.0,-0.9850657933694114,0.0,-1.5353469890729734,-1.085291209991788,0.0,0.0,-1.165069403435315,0.0,-1.4605608505552132,0.0,0.0,0.0,-0.6736486390918314,-1.2269730689537772,-1.2926445488725924,-1.0370000674114892,-0.7152414508929487,0.0,0.0,-1.2031843235335362,0.0,0.0,0.0,-1.503210811274129,-0.8409692637584669,0.0,0.0,0.0,-0.6444398342376244,-0.5451562775048855,-1.1874479565657063,0.0,-1.2459328545716113,-0.0,-1.1089820419187435,0.0,0.0,-0.9217905925482656,0.0,0.0,-1.2316202763584194,-0.6980710969493108,0.0,-0.6059546291787019,-0.6488307195710993,-1.307320542688233,-1.1482979650678327,-0.0,0.0,0.0,0.0,0.0,0.0,0.0,-0.4278027417982366,0.542653505954415
44,sumaverage0i,-2.0167060144586437,-0.0,-0.0,-0.0,-0.0,-0.0,-0.0,-2.686680662536802,-0.0,-0.0,-0.0,-0.0,-0.03344385679142522,-0.0,-0.0,-3.939335889381369,-0.0,-0.0,-0.0,-0.0,0.0,-0.0,0.0,-3.2399308874205737,-0.0,-0.0,-3.513279357447137,-0.0,-0.0,-0.0,-0.0,-0.0,0.0,-0.0,-0.0,-0.0,-2.518929952203948,-0.0,-0.0,-0.0,-0.0,-0.0,-0.0,-2.905796063368725,-0.0,-0.0,-0.0,-0.0,-0.06765479542946119,-3.588716114902962,0.0,-0.0,-0.028637379217846034,-0.0,-0.0709729789643955,-0.0,-0.0,-0.0,-0.0,-3.244245168946186,-0.01224406966378982,-0.0,-0.0,-0.0,-0.0,-2.4500653782035324,-0.0,-0.0,-0.0,-0.0,-0.0,-0.0,-0.0,-0.0,-0.0,-0.0,-2.42040045460343,-0.0,-2.8826468655189146,-0.0,-0.0,-0.0,-0.0,-0.0,-0.0,-0.0,-3.3360200729846277,-0.0,-0.0,-0.0,-0.0,-0.0,-2.6714247187976654,-0.0,-0.0,-0.0,-0.0,0.0,-0.0,0.0,-0.41627130680841434,1.0438225457233121
20,volumemm30i,-1.0694230207338506,-0.0,-0.4552640195352986,-0.0,-0.24408624156892705,0.0,-0.7977142550079108,-0.9123467149831199,-0.19329157346935133,0.0,-0.38371411605959976,-0.0,-0.6759699211097899,-0.0,0.0,-0.864271008045226,-0.0,-0.6532302325121909,0.0,0.0,0.0,-0.0,-0.692760546723464,-1.0275171744209426,-0.6335012005132121,0.0,-0.9359029531730014,-0.0,-0.0,0.0,0.0,-0.6677190118560699,0.0,0.0,-0.11551891980380742,-0.016769074420135165,-0.9739808252147941,-0.0,-0.0,-0.11569152231983681,-0.06016488869893839,-0.8582495551007739,-0.0,-0.8251835330860277,-0.0,-0.0,-0.5444845812733888,-0.0,-0.7154807607868261,-1.0733324815131573,0.0,-0.0,-0.7468475273923524,0.0,-0.7383759039112245,-0.0,-0.0,-0.0,-0.5245386908101561,-0.9830721931034624,-0.7216635620494792,-0.855598433930153,-0.49827477918617014,0.0,0.0,-1.0186978559332571,0.0,-0.0,-0.0,-0.6323860151795173,-0.5092246072119699,-0.0,0.0,0.0,-0.5765257293638311,-0.44417481640248135,-0.9758084276618703,0.0,-1.0552759120390935,-0.31810362026907446,-0.7579573942738411,0.0,-0.0,-0.652844865239533,0.0,0.0,-1.0677844537756054,-0.46293946542361003,0.0,-0.4418928286751961,-0.520458633034992,-0.5354942668646847,-1.0168750733426788,-0.29182421787512575,0.0,-0.0,-0.0,0.0,0.0,0.0,-0.31852207404879,0.382510245743759
16,uniformity0i,-1.9939344140576418,0.0,0.0,-0.0,0.0,-0.0,0.0,-1.4111838740384766,0.0,-0.0,0.0,0.0,0.0,0.0,-0.0,-2.392940487644297,-0.0,0.07004696549262629,0.0,-0.0,0.0,0.0,0.0,-2.4383939607378533,0.0,0.0,-1.4894111892299344,-0.0,-0.0,-0.0,0.0,0.0,0.0,-0.0,0.0,-0.0,-1.5297647266559455,0.0,0.0,0.0,0.0,0.0,0.0,-1.7532830675166462,0.0,-0.0,0.0,0.0,0.0,-2.744450019740823,0.0,0.0,0.007937165944570466,0.0,0.0,-0.0,-0.0,0.0,0.0,-2.0877243962921734,0.0,0.17983631722733934,0.0,-0.0,-0.0,-1.791763458257202,-0.0,0.0,-0.0,0.0,0.0,0.0,-0.0,-0.0,0.0,0.0,-1.7204712791234535,0.0,-2.7090751527958346,0.0,0.011919905364327054,-0.0,0.0,0.0,-0.0,-0.0,-2.2481902459167267,0.0,-0.0,0.0,0.0,0.0,-2.105033546601026,0.0,0.0,-0.0,0.0,0.0,0.0,0.0,-0.28145879464579165,0.7229997856999959
31,clustershade0i,-2.1884884508716334,-0.0,-0.0,-9.019245078754896e-05,-0.0,-0.0,0.0,-1.5999768867135395,-0.0,-0.0,-0.0,-0.0,-0.0,-0.0,-0.0,-1.189726958500976,-0.0,-0.0,-0.0,-0.0,0.0,-0.0,0.007084489191909715,-4.206480556040425,-0.0,-0.0,-0.9257405601149648,-0.0,-0.0,-0.0,-0.0,0.0,0.0,-0.0,-0.0,-0.03613667460077832,-1.3447989519659944,-0.0,-0.0,-0.0,-0.0,0.0,-0.0,-0.9158979915590004,-0.0,-0.0,-0.049557951466861594,-0.0,0.0,-1.6124819137792266,-0.0,-0.0,-0.0,-0.0,-0.0,-0.0,-0.0,-0.0,-0.0,-1.1495479640457658,-0.0,-0.0,-0.0,-0.0,-0.0,-1.9357914431148076,-0.0,-0.0,-0.0,-0.0,-0.0,-0.0,-0.0,-0.0,-0.01555621463492745,-0.0,-3.0279660883295185,-0.0,-2.047460683923455,-0.0,-0.0,-0.0,-0.0,0.0,-0.0,-0.0,-1.4615953690781802,-0.015076128787370364,-0.0,-0.0,-0.0,-0.0,-1.8234995106607685,-0.001570329198295518,-0.0,-0.0,-0.0,-0.0,-0.0,0.0,-0.25540356330645364,0.7066526989308746
42,inversevariance0i,-1.5275539456517269,0.0,-0.0,-0.0,-0.028384129929228095,-0.0,-0.15909187968168292,-1.1218021866996313,0.0,-0.0,-0.0,0.0,-0.045001178689067396,-0.0,-0.0,-1.7732328393885748,-0.0,-0.06214416589712366,0.0,-0.0,0.0,0.0,-0.15673457811558925,-0.9587258319661682,-0.0,-0.0,-1.3956466851972043,-0.0,-0.0,-0.0,0.0,-0.04507610639882995,0.0,-0.0,-0.0,-0.0,-1.5393817823783045,0.0,0.0,0.0,0.0,-0.08942678232929376,-0.0,-1.6240729775150182,0.0,-0.0,-0.07495018964596162,0.0,-0.0670027355967649,-1.0823996139783176,0.0,0.0,-0.0,0.0,-0.07193866788160505,-0.0,-0.0,0.0,-0.02622299640644769,-1.3946206431360626,-0.0953646995780151,-0.0,-0.0566293238097024,-0.0,-0.0,-1.2004694316217943,-0.0,0.0,-0.0,-0.08956218236157744,0.0,0.0,0.0,-0.0,-0.0573642813406172,-0.09102062943799254,-1.3362227154024882,-0.0,-1.2420621787582256,-0.0,-0.0805072177400635,-0.0,0.0,-0.08934276076892486,-0.0,-0.0,-1.499223751716945,-0.0,-0.0,-0.0,-0.08206602411485987,-0.11482192586146468,-1.599633140202982,-0.0,-0.0,-0.0,0.0,0.0,-0.0,0.0,-0.20877700179198252,0.48055139692283166
38,homogeneity10i,-1.881536878563662,0.0,-0.0,-0.0,-0.0,-0.0,-0.0,-0.39399950983088877,0.0,-0.0,-0.0,0.0,-0.0,0.0,0.0,-2.149302038965657,-0.0,-0.0,0.0,-0.0,0.0,0.0,-0.0,-2.385045657722855,-0.0,-0.0,-0.5030665389026722,-0.0,0.0,-0.0,0.0,-0.10845367372849292,0.0,0.0,0.0,-0.0,-0.47528589759025036,0.0,0.0,0.0,0.0,-0.019971914504986473,-0.0,-0.5452559668072301,0.0,-0.0,-0.0,0.0,-0.0,-2.444200460831026,0.0,0.0,-0.13444118500233976,0.0,-0.0,-0.0,-0.0,0.0,-0.0,-0.8431277803896234,-0.0,-0.0,-0.0,-0.0,-0.0,-0.9798552116937091,-0.0,0.0,-0.0,-0.0,0.0,0.0,0.0,0.0,-0.0,-0.0,-1.8964484258358199,-0.0,-1.7362809149742318,-0.0,-0.0,-0.0,0.0,-0.0,-0.0,-0.0,-1.9500236710727816,-0.0,-0.0,-0.0,-0.0,-0.0,-1.3657308748809838,-0.0,-0.0,-0.0,0.0,0.0,-0.0,0.0,-0.1981202660129721,0.5550567960004821
7,medianintensity0i,-0.43872631043660126,0.0,-0.15879321465181262,0.0,-0.0,0.0,-0.21132280665693232,-0.4192912371839282,-0.0,0.0,-0.2604504214623001,0.0,-0.1578937512002869,0.0,0.004885735576126658,-0.35829065763229895,0.0,-0.17905133444291013,0.0,0.0,0.0,0.0,-0.39077591745222184,-0.36693903232019753,-0.22104574179022765,0.0,-0.2497641755995746,0.0,0.0,0.0,0.0,-0.3641764659400536,0.0,0.0,0.0,0.0,-0.4851487942354672,0.0,0.0,0.0,0.0,-0.34416649881900596,0.0,-0.2878804457339158,0.0,0.0,-0.13543128468425478,0.0,-0.33354153401537595,-0.3586992160524564,0.0,0.0,-0.16389004427379084,0.0,-0.20301443713514392,0.0,0.0,0.0,-0.14045502262701962,-0.431253668959535,-0.2990587052029249,-0.3727198967743936,-0.13241137058420926,0.019104695115021338,0.0,-0.37503071066441873,0.0,0.0,0.024368021103885685,-0.31924578951000954,-0.307375823687831,0.0,0.01079640722465456,0.0,-0.031262318666126256,-0.1643819814713636,-0.4578464967059352,0.0,-0.28304974806511973,-0.06588828241108335,-0.29790809222247927,0.03761553999146269,0.0,-0.12059638062468007,0.0,0.0,-0.4877878752450305,-0.018121262929839236,0.0,-0.1089897653902575,-0.025097610255694007,-0.34768232601583976,-0.3277637174250754,-0.0027462381939936113,0.0,0.0,0.0,0.0,0.0,0.0,-0.11108196006340465,0.1564385691274045
14,kurtosis0i,-0.1436418943299153,-0.04408072441365404,-0.10408568665870521,-0.046823463125798846,-0.11745190562007989,-0.0284980653365622,-0.1475663328180117,-0.14348039142269547,-0.10817863549933726,-0.03026033865652943,-0.15172679512243586,-0.05784023642131001,-0.1376736528705658,-0.038150611965685685,-0.023968158189180452,-0.11540444078643551,-0.049113071407829154,-0.14963305582878747,-0.017199034197997506,-0.04094701905043577,-0.0,-0.05107447032706191,-0.1385482673241167,-0.1907209712514146,-0.10441062001919123,-0.04625770564207471,-0.14354021008662884,-0.0446182638484727,-0.04631214132166296,-0.022098563864784242,-0.022031332969321683,-0.1363823197893568,-0.0,-0.022800309798215332,-0.1086536284636053,-0.052363607117464676,-0.16290236897826707,-0.042927141533967636,-0.05655873895509498,-0.10606642981352248,-0.10058921102541182,-0.1442060404151441,-0.051830422969174304,-0.16667420687136647,-0.05392085377240683,-0.042498141390239844,-0.11989234529451415,-0.056941555382009144,-0.1160849083387842,-0.13110317142056882,-0.016134048617850855,-0.0454666464071837,-0.1491931742733768,-0.025525895137993602,-0.1457765661152106,-0.05292293034739778,-0.04486119011557019,-0.08082510467207768,-0.1090288760948997,-0.14693885697060388,-0.13737551183484922,-0.11584961801632702,-0.11688580245544858,-0.043657225798426194,-0.044031542956514735,-0.12022374348816965,-0.037207926911168504,-0.04868278452324128,-0.037221936672882316,-0.13366103432189735,-0.15038853977414812,-0.08053123797071732,-0.01571697731215911,-0.03575852736329864,-0.1063869363988284,-0.12584308829080335,-0.0983109437849798,-0.0420001438126626,-0.14405184123393192,-0.12968451850682566,-0.14087988530579737,-0.02871705935876695,-0.050625705246874174,-0.1744154803512119,-0.018594937782867398,-0.04084000181080056,-0.1137848422089435,-0.1068165716380027,-0.03647907263451715,-0.15484923486946847,-0.11779366562398033,-0.1498180494158944,-0.14869953681877968,-0.07870294425186097,-0.04238798865340097,-0.04121354639432925,-0.05537326972100546,-0.02259513914809433,-0.04282561968747338,-0.0,-0.08323287182807311,0.050188254952330445
10,rootmeansquare0i,-0.0564814896764652,-0.09567643077869459,-0.04637177992890107,-0.08156588000117132,-0.04608805907839026,-0.11029586240152499,-0.05769615484931661,-0.037037991810070524,-0.06457603789986453,-0.09179242747469114,-0.049438096688524405,-0.11518152572514442,-0.05276986685656637,-0.0889605200629168,-0.11159264151429374,-0.042955971855429695,-0.09199011214709506,-0.05191636338696308,-0.11863843448744328,-0.09962924636469841,-0.08971711629909473,-0.08595777154101568,-0.033444806514334964,-0.035046422304139346,-0.041910257224149955,-0.10648707620393388,-0.05547242787349104,-0.11565184526179058,-0.07985829390431555,-0.12295267919799585,-0.11545209723328202,-0.04825048643179871,-0.09142318616751716,-0.12805169671646494,-0.0,-0.09793198798588784,-0.044961212658118255,-0.10019170543215092,-0.08524966817505589,-0.04715479707823867,-0.0,-0.033125601092281395,-0.08719003602067724,-0.07468385122820566,-0.09255356904526832,-0.10535651662028385,-0.04019965747418322,-0.09806636202578826,-0.04092857815247269,-0.06294797515610204,-0.1332329238759687,-0.09092619261680748,-0.04267100612429732,-0.10952810464351853,-0.037132100780204146,-0.09166576177941331,-0.11639347201198888,-0.0,-0.04319025372857995,-0.037313883539648464,-0.0249097105507783,-0.047437229070897875,-0.04115071653517894,-0.1170995720658361,-0.12014576424460993,-0.024458912975108615,-0.1041353494706414,-0.09187175095740896,-0.10618410149290124,-0.05856548348100882,-0.02355924489488303,-0.06479347915371056,-0.11648492997712978,-0.10047666902243368,-0.08517424517301872,-0.051806894656333285,-0.03828471042138123,-0.12166158349888688,-0.07557733721236652,0.0,-0.029762198822974414,-0.10704547417341348,-0.11570178914134681,-0.040726990199610395,-0.12189307297501605,-0.09894516108732274,-0.08225192898242523,-0.05294057124126929,-0.12103552587708585,-0.02308120293016069,0.0,-0.051128495346967964,-0.037133555665778605,-0.0656532097446742,-0.1005556603052443,-0.11317955415841102,-0.08218214946939974,-0.11521474876654227,-0.10233935499841502,-0.06062482721809192,-0.07308099429065294,0.03492271863350282
11,standarddeviation0i,-0.27927052967212485,-0.0017186033024424985,-0.058362144430429405,-0.0,-0.06642902410355686,-0.0,-0.18625833886171717,-0.27504325152176107,-0.0,-0.0,-0.09990734803081638,-0.006204541114565044,-0.0655899136131297,-0.018645847308739343,-0.0,-0.21784404327826784,-0.0,-0.16706131232482554,-0.0,-0.0,0.0,-0.0,-0.10897512828728799,-0.09937734436080278,-0.06797056876067246,-0.017342943977256886,-0.08552571764525765,-0.021273786896025146,-0.03858362365824929,-0.0,-0.0,-0.21625374722544027,0.0,-0.0,-0.05007584653992554,-0.006051122692228662,-0.20212390681438802,-0.0,-0.0331226897652138,-0.0,-0.09123854071798569,-0.10076883504925417,-0.0,-0.35192659897620193,-0.03166854275644045,-0.0168075388098705,-0.0,-0.030983510541820296,-0.09069659730259137,-0.28413821523730853,-0.0,-0.0040207057904971255,-0.14341739155995312,-0.0,-0.18382370885502053,-0.00457195233197386,-0.0028442816547177164,-0.0,-0.07321441926773335,-0.07016452962672114,-0.11923904579556623,-0.15720290018621264,-0.08482033441367927,-0.0,-0.016024573655054757,-0.34065676308482173,-0.0,-0.03579825757083899,-0.010951315973478044,-0.06127411712219183,-0.07967911204554705,-0.0,-0.0,-0.0,-0.026021255348941223,-0.1448287028276826,-0.290039144694907,-0.0,-0.226479064085629,-0.09576382764805708,-0.04932133550213981,-0.0,-0.0010722390695023518,-0.10121235023613118,-0.0,-0.0,-0.1960291471423905,-0.12062703252187128,-0.0,-0.11598679948321061,-0.08815448820836369,-0.1553615358834394,-0.23592213213463253,-0.036659845011230686,-0.03882294684772765,-0.01595409598965301,-0.0,-0.0,-0.022466201958426402,0.0,-0.06735665257104541,0.08765683274522028
4,minimumintensity0i,-0.33177752914429565,0.0,-0.041675396428047906,0.0,-0.0,0.009107092634145204,-0.0880133466268112,-0.28054720995683785,-0.016582086574991415,0.0017310336440403643,-0.032685764482254166,0.0,-0.07692765408245981,0.0,0.0,-0.24758716194252586,0.0,-0.1242778090718416,0.0,0.0,0.0,0.0,-0.1622844498653097,-0.2060098563660995,-0.06992158117846246,0.0,-0.27741494870731315,0.0,0.0,0.0061203939360889095,0.0009776322569925683,-0.1226610219647471,0.0,5.2029630230443346e-05,-0.0,0.0,-0.2934981044036458,0.0,0.0,-0.0,-0.0026722062263676897,-0.09250232272199695,-0.0,-0.27116130610164163,0.0,0.0,-0.05551255298906667,0.0,-0.10372924543785679,-0.26064694168011204,0.00010848482904426649,0.0,-0.10316147136067808,0.0,-0.09853125357855726,0.0,0.0,0.0,-0.05383524017543824,-0.2301200589409863,-0.09821619194856107,-0.13656111661445394,-0.07920613644124755,0.0,0.010244925416703661,-0.22488455540638452,0.006474750921067527,0.0,0.0,-0.13806435555836868,-0.08669303889431926,-0.0,0.0,0.0,-0.03770976346530322,-0.05643464508136393,-0.23012593718585508,2.0187025612121956e-05,-0.247134254210646,-0.03776998903562823,-0.1328324429797594,0.0,0.0,-0.0769103996502293,0.0,0.0,-0.24311804669756362,-0.02390456418113758,0.006190352083357511,-0.06757808677306075,-0.06375231876451931,-0.07554231194153298,-0.26708617789378103,-0.0,0.0,0.0016298804650472097,0.0,0.0,0.0,0.0,-0.0592460408988973,0.0907831024999405
37,entropyglcm0i,-1.3741189264331337,-0.0,0.0,0.0,-0.0,0.0,-0.0,-0.04328062688818863,-0.0,0.0,0.0,0.0,-0.0,0.0,0.0,-1.2586631221003897,0.0,-0.0,0.0,0.0,-0.0,-0.0,-0.0,-0.751017097810187,-0.0,0.0,-0.4038496232139881,0.0,0.0,0.0,0.0,0.0,-0.0,0.0,-0.0,0.0,0.6779732904640264,-0.0,-0.0,-0.0,-0.0,-0.0,0.0,-0.9566363311718572,0.0,0.0,0.0,-0.0,-0.0,-0.07905599212385099,-0.0,-0.0,-0.0,-0.0,-0.0,0.0,0.0,-0.0,0.0,0.46188312359222644,-0.0,-0.0,0.0,0.0,0.0,-0.04331365985839783,0.0,-0.0,0.0,-0.0,-0.0,-0.0,0.0,0.0,0.0,0.0,-0.7804015723928936,0.0,-0.5402191385187808,-0.0,-0.0,0.0,-0.0,0.0,0.0,0.0,-0.3978261462001667,0.0,0.0,0.0,0.0,-0.0,-0.4226049267089655,-0.0,0.0,0.0,0.0,-0.0,0.0,-0.0,-0.059111307493645474,0.258573048047721
52,rp0i,-0.1830361094987732,-0.0,-0.12591173172851963,0.0,-0.05186758104102428,0.0,-0.08279940537703406,-0.2238272799364804,-0.05234818133670693,0.0,-0.0924346713835748,-0.0,-0.130276432463217,-0.0,0.0,-0.16742806129119026,-0.0,-0.09311520790964711,0.0,-0.0,0.0,-0.0,-0.16690018350474967,-0.14722028922666533,-0.09651569309474135,-0.0,-0.2038955651414136,-0.0,0.0,0.0,0.0,-0.0917481373002538,0.0,0.0,-0.061859955080875675,-0.0,-0.22531579853669925,-0.0,-0.0013023416745341306,-0.019393742889223044,-0.01763067766838399,-0.0950367262683166,-0.0,-0.18314503720512837,-0.0,-0.0,-0.11817162582683444,-0.0022520699022445757,-0.14722032665106666,-0.1344345088197441,0.0,-0.0,-0.11270417955690609,0.0,-0.12110659862982306,-0.0,-0.0,-0.019546195141342385,-0.06021452329188408,-0.13909217880063357,-0.10391539631152316,-0.08280304990752325,-0.125416869344506,-0.0,-0.0,-0.17090651025406373,-0.0,-0.0,-0.0,-0.10125117946278314,-0.10147630715562157,-0.02394655180065884,0.0,0.0,-0.06973354797886501,-0.08640909110493789,-0.17981469729211036,-0.0,-0.13911680725482564,-0.04268742815820055,-0.10318668586196302,-0.0,-0.0,-0.053599874978371896,0.0,-0.0,-0.19058869651448068,-0.05758303174369013,-0.0,-0.06175701232194084,-0.11018486169320155,-0.08697173948736185,-0.17422777291541866,-0.07110703835983934,-0.0,-0.0,-0.0,0.0,-0.0,0.0,-0.05504435166079519,0.06661444286649186
15,variance0i,-0.15265719753850035,-0.02805018865807846,-0.07219294545277137,-0.032066631578312126,-0.04669496328371189,-0.0,-0.06273373244710584,-0.16658273429266757,-0.08389532269560938,-0.0,-0.07207966445128315,-0.015620214904742668,-0.12335492106629406,-0.01302457568790582,-0.0,-0.11000326441488992,-0.019524585270100717,-0.08896738162097699,-0.0,-0.01565684595838503,0.0,-0.04095126727706977,-0.10835425370060903,-0.12433512903790747,-0.09358569144860916,-0.011807980369994085,-0.17522957695858732,-0.00794874465288298,-0.0,-0.0,-0.0,-0.07294215561060698,0.0,-0.0,-0.04797686757878879,-0.030963673925467203,-0.15241170220244027,-0.03708471064869531,-0.014134515400957106,-0.048508779733429874,-0.0,-0.1048699210495124,-0.03630105756491102,-0.11853100921558937,-0.019539390505344856,-0.006438446771937794,-0.15841781164253882,-0.00602546215674379,-0.10467124777621811,-0.1325418600761847,-0.0,-0.02154641010223985,-0.07425597956946599,-0.0,-0.0882243031382528,-0.021388255600375515,-0.02654962432519207,-0.07470915992812004,-0.06849668501344632,-0.1258384000994899,-0.08810878365338963,-0.10289855005678669,-0.08421626541193473,-0.022814646248014804,-0.0,-0.18514773993498532,-0.0101378150845223,-0.0,-0.010968823630995583,-0.1456961990500172,-0.1139895570063018,-0.017452879182667125,-0.0,-0.0,-0.10615641274947156,-0.05036585628704805,-0.1042345980528392,-0.03796335470684337,-0.1096291124796921,-0.06273700297624243,-0.13996386022722082,-0.00756080296479407,-0.03969430526356859,-0.09436942610121084,-0.0,-0.025695481502784737,-0.11551034721201411,-0.03397906901720756,-0.005084231950678888,-0.0630798958573016,-0.06546808122807249,-0.09590262242406046,-0.13250597013344265,-0.06905320044213628,-0.0006149173419419684,-0.004888805219080488,-0.04789434774563805,-0.0,-0.0,0.0,-0.054514682035458485,0.05155133466686431
33,contrast0i,0.03402997635077457,-0.0,-0.0876659258976158,-0.0,-0.0581509861282121,0.0,-0.15618527603443802,-0.13060426392566202,-0.09457867121696414,0.0,-0.13039482464702837,-0.0,-0.14401594574597995,-0.0,0.0,-0.017168784732192757,-0.0,-0.11699371715127813,0.0,-0.0,0.0,-6.13929555807115e-05,-0.1707797801459022,-0.10660368499348127,-0.13038040602314863,-0.0,-0.15256446117485167,-0.0,-0.0,0.0,0.0,-0.1356002461351044,0.0,0.0,-0.057173765917070636,-0.0,-0.026907465901760196,-0.009701352868230494,-0.0,-0.06793789451043986,-0.06472840773646386,-0.12837218448510396,-0.0,-0.17456431254795307,-0.0,0.0,-0.15016741649626622,-0.016688455099905772,-0.07591822151878463,0.0044104093120514,0.0,-0.00011748833043023112,-0.13126510351054246,0.0,-0.09300309255316025,-0.0,-0.0,-0.03166921849234885,-0.09083270125760597,-0.01969508061407371,-0.11322297294872163,-0.12961261370369476,-0.1153854697252107,-0.0,-0.0,-0.07233534315389294,-0.0,-0.0,-0.0,-0.1366922292501038,-0.1332667878166526,-0.023667975633296603,0.0,0.0,-0.1635577777818651,-0.09584946438609307,-0.0954361858567887,-0.0,-0.0399117757661062,-0.08771677255413583,-0.16452410292067676,-0.0,-0.0002502285828386226,-0.12684464325174122,-0.0,-0.0,0.04578029574753662,-0.13109477570625028,0.0,-0.08043041206086803,-0.12725638037627546,-0.13692854674705346,-0.05480158301541565,-0.12632784152082377,-0.0,-0.0,-0.0,0.0,-0.0,0.0,-0.04841383730095723,0.060452040451198216
23,surfacevolumeratio0i,-0.11435122905056466,-0.0,-0.1743752621711074,-0.0,-0.09625393666725049,-0.0,-0.08445398910747529,-0.08996749141843924,-0.09428385819474652,-0.0,-0.160773886711404,-0.0,-0.0692904279644191,-0.0,-0.0,-0.07442236653421569,-0.0,-0.09997397342546885,-0.0,-0.0,-0.0,-0.0,-0.12262419904072103,-0.16349678508561666,-0.12299401798156888,-0.0,-0.023102432757458886,-0.0,-0.0,-0.0,-0.0,-0.13811106762789063,-0.0,-0.0,-0.08984230931886575,-0.0,-0.06359823038935164,-0.006629148707258327,-0.023947438957516158,-0.08752433709513248,-0.0762214765028359,-0.0717327610630275,-0.008637119183360877,-0.0264087795743726,-0.0,-0.0,-0.15543315582582684,-0.01092079865241199,-0.0989726935145774,0.011569259916166514,-0.0,-0.0,-0.15667244864289345,-0.0,-0.04720196744810381,-0.0,-0.0,-0.06402045258520303,-0.08442511272560835,-0.10458618256910306,-0.11780434046890526,-0.0664673918804952,-0.081448299285804,-0.0,-0.0,-0.15083927133237066,-0.0,-0.0,-0.0,-0.06198297838592604,-0.1378643379707811,-0.08014111638558381,-0.0,-0.0,-0.03665486130021777,-0.129749250219068,-0.11782906443060545,-0.0,-0.016754335834040134,-0.1348895618817573,-0.11960319868231478,-0.0,-0.0,-0.08560611379529953,-0.0,-0.0,0.01795281565862935,-0.11462629050038911,-0.0,-0.14340315958858738,-0.1068834365357423,-0.13646394405600276,-0.08984299851282743,-0.0926902546995591,-0.0,-0.0,-0.0,-0.0,-0.0,-0.0,-0.04797271466665278,0.056083970294090346
35,dissimilarity0i,-0.47392956216351634,-0.0,-0.0,-0.0,0.0,0.0,0.007838796474612745,-0.2588329948943255,0.0,0.0,0.0,-0.0,-0.0,-0.0,0.0,-0.4840053965765334,-0.0,0.0,0.0,-0.0,0.0,-0.0,0.0,-0.1376971097099771,-0.0,-0.0,-0.10008295737947948,-0.0,-0.0,0.0,0.0,0.0,0.0,0.0,-0.0,-0.0,-0.43413815552167195,-0.0,-0.0,-0.0,-0.0,0.0,-0.0,-0.15278793484362718,-0.0,0.0,-0.0,-0.0,-0.0,-0.551380219968561,0.0,-0.0,0.0,0.0,-0.0,-0.0,-0.0,-0.0,-0.0,-0.3253744637710159,-0.0,0.0,-0.0,-0.0,-0.0,-0.17111380355497677,-0.0,-0.0,-0.0,-0.0,-0.0,-0.0,0.0,0.0,0.0,-0.0,-0.2918725303490723,-0.0,-0.4618963345094249,0.0,0.0,-0.0,-0.0,-0.0,0.0,-0.0,-0.6355192821687805,-0.0,0.0,-0.0,-0.0,0.0,-0.2604775453757892,-0.0,-0.0,-0.0,-0.0,0.0,0.0,0.0,-0.04731269494312139,0.1323750060575047
43,maximumprobability0i,-0.09888680544575028,0.0,-0.023990148160827212,0.0,-0.02247711513524736,0.0,-0.0333735231524558,-0.11988233130970755,-0.0,0.0,-0.043535573491516495,0.0,-0.028151577968864937,-0.0,0.0,-0.15542338491060445,0.0,-0.08258105917943513,0.0,0.0,0.0,0.0,-0.027660647389910448,-0.1682197609205781,-0.06045656810951389,-0.0,-0.1567239737992435,0.0,0.0,0.0,0.0,-0.0625245046038355,0.0,0.0,-0.0,0.0,-0.1190595506475079,0.0,0.0,0.0,0.0,-0.06482208246580198,-0.0,-0.11997387139981604,0.0,0.0,-0.03839652239970272,0.0,-0.0,-0.14113521350977193,0.0,0.0,-0.09762929000650444,0.0,-0.04672908623717843,0.0,0.0,0.0,-0.061507233225423494,-0.09714605723828508,-0.037753877960007676,-0.06954046523396419,-0.015284529954292919,0.0,0.0,-0.12139441865307476,0.0,0.0,0.0,-0.06795951056679096,-0.09310806609217451,0.0,0.0,0.0,-0.05739252000923608,-0.05737122538185214,-0.20839181170792392,0.0,-0.13116627215693816,-0.07261392865992752,-0.12020826098752152,0.0,0.0,-0.03900807471542155,0.0,0.0,-0.03084873152018022,-0.07957746930432567,0.0,-0.08777051268316399,-0.03399924783121955,-0.10016533131170922,-0.15002413978690313,-0.0,0.0,0.0,0.0,0.0,0.0,0.0,-0.03443864275224111,0.05033499051520557
49,lre0i,0.032038393549355164,-0.0686721630715604,-0.03199657138408091,-0.04533859655600006,-0.0766258701973351,-0.0,-0.09039340327709433,-0.03023779292792516,-0.040203680389515925,-0.0,-0.031183679604586314,-0.02644974231728585,-0.04689263850305734,-0.041396328628176784,-0.0,-0.0014869538296916577,-0.05475762863719374,-0.06235206844714116,-0.0,-0.012031267678966947,0.0,-0.02746845825439177,-0.04524885891985679,-0.03220618457861721,-0.07906452182698222,-0.03510034072967277,0.0009224154299824883,-0.03414371062416287,-0.05278421024080275,-0.0,-0.0,-0.07185765112020638,0.0,-0.0,-0.04923648215726891,-0.041050702545196084,-0.03468097315361572,-0.04827893560793688,-0.06680639317356553,-0.062458380835268994,-0.06520946974467615,-0.04293195405344597,-0.05958857406617772,-0.03244744648174893,-0.05954208440976205,-0.015140712379987325,-0.06733803530479626,-0.0695749510475468,-0.03575550325626332,-0.02229488928707211,-0.0,-0.02549117558199666,-0.02383792668973821,-0.0,-0.0731737476939132,-0.03554891423564527,-0.052616872582247544,-0.07717935661905738,-0.018656354924839576,-0.026574407964650916,-0.04306131883748651,-0.026080436925915322,-0.04089705560450899,-0.011008867813057934,-0.015668172996988437,-0.0260763265579093,-0.002604746121306726,-0.05160615014418061,-0.04535932587210941,-0.03891388240836129,-0.07035207455951785,-0.06735114506218087,-0.0,-0.0,-0.04895761823142264,-0.05616552491409824,-0.014398347641739605,-0.03215022477669612,-0.0013122570706164281,-0.0053838729469264605,-0.029997775464753282,-0.0,-0.0482030178709154,-0.0644496978521191,-0.0,-0.04113582365265604,-0.018748878739938905,-0.05105740037925124,-0.0,-0.051506076960528654,-0.04252894647000465,-0.0555283186160703,0.005376031512090774,-0.05593072842397539,-0.021367999171814336,-0.014101815485863879,-0.05724818813327456,-0.0,-0.023864065153893506,0.0,-0.03277985805909375,0.025550462963229284
30,clusterprominence0i,0.13734474680829908,-0.04381266700357982,-0.0,-0.06424947216002282,-0.09137775971117366,-0.0,0.010168575277711226,-0.03527493598888834,-0.04134418639423616,-0.0,-0.03325606095640639,-0.0320076949392413,-0.0,-0.05236646866808861,-0.0,-0.5809674307664019,-0.0655745678831669,-0.0,-0.0,-0.010245992445782804,0.0,-0.040259595072576,0.0,1.02004802834452,-0.0,-0.0449910660184985,-0.45292387386128174,-0.035568899515027,-0.044758604918074756,-0.0,-0.0,0.0,0.0,-0.0,-0.052583664444205064,-0.0,-0.2585476045168551,-0.048303781339725876,-0.05163191150198498,-0.04594368834908518,-0.045209091203780395,0.020466058326995586,-0.06096309088836317,-0.40355033194520845,-0.056704595596792653,-0.02165399066747447,-0.0,-0.0699359438061367,0.030070868922243227,-0.42331404079782264,-0.0,-0.044453706189080386,-0.005781739461567801,-0.0,0.04418266402085414,-0.03576942812502053,-0.0647131362709996,-0.03393372153449795,-0.04978749073529324,-0.4379660066354189,-0.0,-0.0391834144553415,-0.01485323861575929,-0.014753487924641344,-0.013051423745603995,0.0274191420209011,-0.006856842098263719,-0.04545399169348094,-0.031160846353436664,0.02546174735523536,-0.11565375750533392,-0.04798599018452765,-0.0,-0.0,-0.002970026114497214,-0.053423078505048884,0.9019282036177003,-0.018062803730887252,-0.01576564805766867,-0.06879875996033423,0.0,-0.0,-0.051694085688337804,0.0,-0.0,-0.027814177094499445,-0.41028646196472635,-0.0,-0.0,-0.0,-0.04024556114826968,-0.008876435011111277,-0.1177596243605219,-0.05668229967284739,-0.03010672405313642,-0.0514616670759536,-0.040314905751247875,-0.0,-0.023291266031266786,0.0,-0.030091427224140436,0.17957329739703431
57,lrlgle0i,-0.11274955457366514,-0.0,-0.039898971182086206,-0.0028774721416804107,-0.009573686967887619,-0.0,-0.07180071628797549,-0.04692219496641328,-0.03600376183338721,-0.0,-0.09248245367269313,-0.0009784077423501184,-0.06338763823079573,-0.00015634035636065524,-0.0,-0.04039124163178252,0.0,-0.0712542679468271,-0.0,-0.0,-0.0,-0.0,-0.061533279583762084,-0.06401487822277697,-0.026642782392204637,-0.0,-0.06921471514101263,-0.0,-0.0,-0.0,-0.0,-0.037258796136324726,-0.0,-0.0,-0.030099156687860607,-0.00966037406427565,-0.13114284448349733,-0.0,-0.0,-0.0,-0.0,-0.0555227204471296,-0.0,-0.08174645716234125,-0.0,-0.0,-0.020234570265925993,0.0,-0.14639060026214135,-0.056057078506853784,-0.0,-0.0,-0.07967314201768778,-0.0,-0.10290024069858758,-0.0,-0.0,-0.0,-0.05892505573493912,-0.08814240747946496,-0.08315165607322382,-0.0765172644018107,-0.04675433481865119,-0.0,-0.0,-0.06296152971731299,-0.0,-0.0,-0.0,-0.05544976106363217,-0.047462187358287375,-0.0,-0.0,-0.0,-0.057737321116714604,-0.07054238094327123,-0.05717109937485218,-0.0,-0.13595576332135814,-0.05145059347699334,-0.06338770014255414,-0.0,-0.007831777693012952,-0.05917802644359182,-0.0,-0.0,-0.07089274959843549,-0.009873243720726222,-0.0,-0.05792715430819941,-0.05413355687723639,-0.04862296723427025,-0.06341989690778209,-0.009286336854354853,-0.0,-0.0,-0.0,-0.0,-0.0,-0.0,-0.02897343108266962,0.03697390611451517
2,energy0i,-0.1332912952686385,-0.0,-0.023924543567138294,-0.0,-0.0,-0.0,-0.05096750645551776,-0.10223557259826581,-0.026670776532084984,-0.0,-0.017386451578078454,-0.0,-0.046523639193023734,-0.0,-0.0,-0.1673023248710956,-0.0,-0.05156835291219885,-0.0,-0.0,-0.0,-0.025624057631220613,-0.06040110880129696,-0.07441951182079708,-0.048119781361426785,-0.0,-0.14171337136688497,-0.0,-0.0,-0.0,-0.0,-0.03661659781312828,-0.0,-0.0,-0.011294243760778425,-0.0,-0.057611231248107346,-0.0,-0.0,-0.00836110408241568,-0.003810965825559537,-0.07094539810939661,-0.0007870522264500843,-0.11017758787946895,-0.0,-0.0,-0.0473388241028185,-0.0,-0.03798381607360358,-0.076077072478573,-0.0,-0.0,-0.06676411301266391,-0.0,-0.054172325510379114,-0.0,-0.0,-0.0,-0.04973576385990431,-0.11947444180642858,-0.010444363303806119,-0.046578907522379524,-0.0587416145257171,-0.0,-0.0,-0.11748804484362695,-0.0,-0.0,-0.0,-0.015913835978671933,-0.0032341097225637274,0.0,-0.0,-0.0,-0.04751851139842466,-0.04604362962438639,-0.1334881037837624,-0.0,-0.12785545718823157,-0.05530787543101386,-0.06904235382397116,-0.0,-0.0,-0.0016018649786255952,-0.0,-0.0,-0.1377788384662423,-0.033981391389057564,-0.0,-0.01961155029250484,-0.05904980585454266,-0.043792250801495514,-0.11217478650677111,-0.03426144065357736,-0.0,-0.0,-0.0,-0.0,-0.0,-0.0,-0.028952075678367165,0.04185024526123395
64,correlationdimension0i,-0.10165867065323952,-0.0,-0.0142870257319142,-0.0,-0.0,-0.0,-0.04765055592909734,-0.11303566818806556,-0.0,-0.0,-0.0015101339733324408,-0.0,-0.05289617225366773,-0.0,-0.0,-0.09745679126109322,-0.0,-0.059426790500108274,-0.0,-0.0,-0.0,-0.0,-0.04840937613789751,-0.16616440936535498,-0.012116760430661561,-0.0,-0.11588143138905509,-0.0,-0.0,-0.0,-0.0,-0.046876912227506104,-0.0,-0.0,-0.0,-0.0,-0.1101223447868278,0.0,-0.0,0.0,-0.0,-0.10630270604532396,0.0,-0.11827866489320005,-0.0,-0.0,0.0,-0.0,-0.03905025794972882,-0.11043764266978462,-0.0,-0.0,-0.06291676045446065,-0.0,-0.06987992919020677,0.0,-0.0,-0.0,0.0011387769721769088,-0.12091958440744532,-0.02823050417037349,-0.06414750719050366,-0.01245152370504479,-0.0,-0.0,-0.13235268563799907,-0.0,0.0,-0.0,-0.06999636566891759,-0.021537908560054258,-0.0,-0.0,-0.0,-0.0,-0.01739507321184672,-0.11534948961756304,-0.0,-0.08961884731540322,0.0,-0.056029812508605406,-0.0,-0.0,-0.005896747465409869,-0.0,-0.0,-0.135427591432331,0.0,-0.0,-0.004412215229456204,-0.0019232494421523032,-0.06210001908296507,-0.09430715059671015,-0.0,-0.0,-0.0,-0.0,-0.0,-0.0,-0.0,-0.025253165023011306,0.042643734833160474
25,compactness20i,-0.11836126811941237,0.0,-0.0904336237045141,-0.0,0.027883200520025412,0.0,-0.0300014343593882,-0.10488906484908292,0.0,-0.0,-0.0,0.0,-0.07733211243695062,-0.0,-0.0,0.031056006959136837,0.0,-0.0870760028192449,-0.0,0.0,-0.0,0.0,-0.0,-0.19117754784391436,-0.0,0.0,-0.14611854148838274,0.0,0.0,-0.0,0.0,-0.035039918466976454,-0.0,-0.0,0.0,0.0,-0.14200363329203286,0.0,0.0,0.0,0.0,-0.06849274965100477,0.0,-0.07902053992189768,0.0,-0.0,-0.02797269523523698,0.0,-0.0,-0.005096063915400679,0.0,0.0,-0.057214972906965825,-0.0,-0.010344147733867437,0.0,0.0,0.0,-0.0,-0.018575213933513544,-0.0,-0.2604424914481596,0.0023707573777708734,-0.0,0.0,-0.07560923962208396,0.0,0.0,0.0,0.04774734708470785,0.0,0.0,-0.0,-0.0,-0.0,-0.0,-0.1556659884395334,0.0,-0.046750202038015595,-0.0,-0.0,-0.0,0.0,0.0,-0.0,0.0,-0.1009553471304285,-0.0,-0.0,-0.0,0.0,-0.020933776235726995,-0.09887251437032721,0.0,0.0,0.0,-0.0,-0.0,-0.0,-0.0,-0.019393217780204208,0.04787504185994163
12,ventilationheterogeneity0i,-0.03588058591010952,-0.0,-0.02045251038319696,-0.0028210659365994267,-0.03579098612811323,-0.0,-0.01910367759828117,-0.04330958809659601,-0.05162562523830095,-0.0,-0.035552777537713964,-0.0,-0.037039784176402885,-0.0,-0.0,-0.03101280429941926,-0.01815814666076729,-0.033666219577982,-0.0,-0.0,-0.0,-0.0,-0.03650436673079781,-0.03570142724810805,-0.028387797576604944,-0.0021295532237313223,-0.03767281755720829,-0.0,-0.0,-0.0,-0.0,-0.04020324174341258,-0.0,-0.0,-0.0062256508387870816,-0.0,-0.021883207747512234,-0.0,-0.0,-0.032695860859624906,-0.0,-0.036610051666420146,-0.0010345703830211446,-0.021797547417852173,-0.0,-0.00019912468395752965,-0.05414319245171855,-0.0,-0.00572028907868116,-0.04460776570117427,-0.0,-0.01316250163507558,-0.01957730009943758,-0.0,-0.020165518157706664,-0.0,-0.0,-0.015003866751523888,-0.027327432794452083,-0.04338690887293555,-0.04006142887668785,-0.02574905004280594,-0.036623830232318494,-0.0,-0.0,-0.02126769857758171,-0.0,-0.0,-0.0,-0.06095483422533838,-0.055128956095800666,-0.0,-0.0,-0.0,-0.04565223489430862,-0.006594239448326957,-0.03995462947121311,-0.0,-0.02143266404485269,-0.04359988349180785,-0.05316841931491817,-0.0,-0.0,-0.03972497332749194,-0.0,-0.0,-0.014340853560007619,-0.03828871612930766,-0.0,-0.0354973954498047,-0.02866364597348068,-0.0444904449916768,-0.02621382291168923,-0.027725766536653675,-0.0030791544169469264,-0.0,-0.0,-0.0,-0.003243499485518823,-0.0,-0.016200099062617646,0.01840083904005633
55,srlgle0i,-0.15520872188126375,0.0,0.0,-0.0,0.0,-0.0,0.0,0.2825317555456613,0.04463460080882085,-0.0,0.02973072075961086,-0.0,0.0,-0.0,-0.0,0.2662817198227646,0.0,0.01685174178838501,-0.0,0.0,-0.0,0.0,0.0,-0.133697569585446,0.02046287407414153,0.0,-0.20344095908473672,-0.0,0.0,-0.0,0.0,0.06455328460426242,-0.0,-0.0,0.027718341708144936,0.0,-0.7194836896859091,0.0,0.0,0.00032026039713026135,0.01176519378694997,0.05295585938387594,0.0,-0.3424295863338362,0.0,-0.0,0.0005416302570319339,0.0,0.0,-0.07678261052026572,-0.0,0.0,0.0,-0.0,0.0,-0.0,0.0,0.0,0.05566968942102175,-0.23641773705397823,0.0,0.0,0.031046803416275828,0.0,0.0,-0.4978482828152547,0.0,0.0,0.0,0.04376623719149321,0.0,0.005273262592822068,-0.0,-0.0,0.03550175397969956,0.01866353687112166,0.006385359277973992,-0.0,-0.22426150037773954,0.06020043695505547,0.05950456153402814,0.0,-0.0,0.06775007097248711,-0.0,0.0,-0.23382219268674456,0.016539954568124744,0.0,0.0,0.0433762877165812,0.021168156048268376,0.011154048481104024,0.0,0.0,-0.0,-0.0,-0.0,0.0,-0.0,-0.015290447080623376,0.11374628840595252
27,sphericaldisproportion0i,-0.016110836445926136,-0.0,-0.0037303006886334105,0.0,-0.016606282776453825,0.0,-0.021306949631243573,-0.011105899958835085,-0.0,0.0,-0.009008443652703464,-0.0,-0.025998985251232475,-0.0,-0.0,-0.021650610234274427,-0.0,-0.013160505480625478,-0.0,-0.0,-0.0,-0.0,-0.004498567075052944,-0.011524266123774678,-0.024223398799132764,0.0,-0.010012890096540822,-0.0,-0.0,-0.0,-0.0,-0.004227684414693493,-0.0,-0.0,-0.009869004174478033,0.0,-0.01830060860161377,-0.0,-0.0,-0.01034468631576744,-0.0,-0.04060181875697573,-0.0,-0.007508327438620752,-0.0,-0.0,-0.010449337484571598,-0.0,-0.02546757951569434,-0.039610441518945175,-0.0,-0.0,-0.006701197054284985,-0.0,-0.024338682743460446,0.0,0.0,-0.0017955247799873093,-0.022173872978217782,-0.021952408391786478,-0.01900599747257484,-0.02753145063881297,-0.017791859882304577,0.0,0.0,-0.013097860349209603,-0.0,-0.0,0.0,-0.019819970982851754,-0.016046439832375376,-0.0,-0.0,-0.0,-0.012867511910695184,-0.0007678508052942527,-0.017226914088270907,0.0,-0.04001332650858985,-0.0,-0.014163756237683124,-0.0,-0.0,-0.020745187328594962,-0.0,0.0,-0.032106598443652906,-0.006564131156719718,-0.0,-0.010209012707726922,-0.012193232055013326,-0.00019154891124919133,-0.0230459559145462,-0.010552888050791909,-0.0,0.0,-0.0,-0.0,-0.0,-0.0,-0.00746220603660484,0.010450896019067608
26,maximum3ddiameter0i,-0.1066795526277219,0.02434564354376991,-0.0,0.017859350511065027,0.04181059262205924,0.0,-0.05749504855456567,-0.04618927546861798,0.008152349317257376,0.0,-0.0,0.0,-0.0,0.0019109644431868369,0.0,-0.05542505089163225,0.02865434449686325,-0.011377026709641747,0.0,0.0,0.0,0.00851677893045528,-0.009224453911307839,-0.10703186065858736,0.029854434634365126,0.0,-0.019241881202864675,0.0,0.0,0.0,0.0,-0.005903347759460574,0.0,0.0,0.050326196886129826,0.0,-0.06522625121697495,0.04389161873243516,0.02933787500849974,0.05662640121143836,0.03152846327252497,-0.0648740645693608,0.01968212971050202,-0.04284160097320241,0.018847178756857267,0.0,0.0019111728379824365,0.027745687373151046,-0.053663654004374124,-0.04203319226900868,0.0,0.0,-0.031327852410715326,0.0,0.0,0.0010652636431086311,0.0,0.04905923386409701,-0.0,-0.08460199899862847,-0.0,-0.029953131111641343,-0.0,0.0,0.0,-0.09842818198882769,0.0,0.03717061332758592,0.0,-0.054110326242357884,0.0,0.029918469825156477,0.0,0.0,0.0,0.01415227876316535,-0.048491469747373936,0.0,-0.079310883429993,-0.0,-0.03608434780027908,0.0,0.0,0.0087376048277377,0.0,0.0,-0.07733693513392974,0.015803349883942674,0.0,0.03288871120085672,0.015252148387633252,-0.0,-0.08550581879649094,0.03752579671958288,0.0,0.0,0.022475957102009735,0.0,0.0,0.0,-0.00607306596644139,0.03348166049620436
13,skewness0i,0.06672487349133085,-0.010608210516280001,-0.023196188874992384,-0.027283609688512206,-0.025055021635405225,-0.0013575028455948997,-0.019950756793455426,-0.001507420893141284,0.0,-0.0,-0.018649447109252024,-0.0,-0.010018173053873397,-0.021442161795350283,-0.0001719003670850911,0.020367453202468272,-0.017589620082146092,0.016603348687420885,-0.0,-0.003317936997819855,-0.0,-0.005137605857203627,0.005169379745532317,-0.012058620012245894,-0.02035951927967995,-0.0037505825489350946,0.04153183612294988,-0.003846849623191235,-0.03189488946706339,-0.0,-0.005507070068751282,-0.0021393517619940137,-0.0,-0.0,-0.0022360463056164473,-0.009435710607463843,-0.005712051266713652,-0.014043633405156334,-0.009651735171568537,-0.0280506139028261,-0.011864163867835337,-0.007861519296188451,-0.01701566355298307,0.014058950571738222,-0.006074220085503483,-0.012999423466515236,-0.0033752627425556033,-0.006011796761695409,0.0,-0.0028487933298446014,-0.0,-0.023577980101245056,0.015441188471074058,-0.0,0.0,-0.02247171566446701,-0.0017061618441828147,-0.0,-0.009682805389362493,-0.0014532901114701197,-0.013914535648789611,-0.020858895451067446,-0.0022364339907319747,-0.0,-0.0,0.002045442900536537,-0.0,-0.01452320707994876,-0.016325941812988628,0.0037020274849059384,-0.02781292340086353,-0.020872186877544864,-0.0,-0.0,-0.00813111298893123,-0.006965763735614288,-0.014418715591298252,-0.0,0.051437141394701034,-0.0,0.023647719254507663,-0.002344549809217464,-0.0029273283978700436,0.0,-0.004426705115266263,-0.01346519509979141,-0.012160530984949834,-0.01410833127895196,-0.0,0.0,-0.0,-0.014221375520706294,0.022141001207003085,-0.017526660968837027,-0.02025245545255273,-0.0013752018149074865,-0.01760418149972463,-0.0,-0.007935236446935466,-0.0,-0.004524521325784866,0.014809918900504588
63,informationdimension0i,-0.002803936570685874,-0.01076084267818659,0.0019196210087182098,-0.0,-0.019302028382477805,-0.0,0.011750911429247021,-0.012254241924652472,-0.017089899832744306,-0.0,0.008230553410651154,-0.0,-0.005511835453891947,-0.007049652050512757,-0.0,0.0033772478023550503,-0.003632892277500313,-0.0156451189544187,-0.0,-0.0,-0.0,-0.015189677183219683,0.0021082449475499144,-0.007989835322616379,0.0032844748271969966,-0.0,-0.018853945876602003,-0.0,-0.01543130476483977,-0.0,-0.0,0.004070315151237591,-0.0,-0.0,-0.014591577618889667,-0.0,-0.027730850181447917,-0.0,-0.0007153457244811562,-0.0,-0.001735755585452966,-0.008705379631275014,-0.0,-0.006062086043021859,-0.0,-0.0026890852204680955,0.004756606032767846,-0.0,-0.01608184111603725,-0.01581550006942651,-0.0,-0.0,-0.007353715130976245,-0.0,-0.02278170330376433,-0.0017189305573898784,-0.0,-0.019859383599315533,-0.013698447585148817,-0.005784153026848231,-0.004481630847079844,-0.008725949524018808,-0.018429565228911805,-0.0,-0.0,-0.01548326376277568,-0.0,-0.0,-0.0,0.003702281634830519,-0.0,-0.0,-0.0,-0.0008375274765736921,-0.0057993804416743315,-0.01230983299581441,-0.0014496528841735322,-0.0,0.002614085753012133,-0.007298593876953905,-0.02369161760650797,-0.0,-0.0012850616788261488,-0.015112501992406012,-0.0,-0.0,0.007667076857395206,-0.0,-0.0,-0.02214103718072575,0.0,0.005296462783770947,-0.00812595523035983,-0.0,-0.009224445222012953,-0.0,-0.01694376419193788,-0.0,-9.461585788171939e-05,-0.0,-0.004294954800261938,0.007838901009120129
58,lrhgle0i,-0.02588676228635422,-0.0,-0.0,-0.02106810508797539,-0.0,-0.014380023330733549,0.032745533751927916,0.02487451843621057,-0.02539099529501849,-0.01729875566329097,0.0,-0.02611506257945445,0.0016449964759841771,-0.015681963263323103,-0.019988963045587532,0.0146453418790425,-0.010035294439653862,0.06168862801406801,-0.0,-0.0317525000188513,-0.0,-0.03817638061921274,0.03076208818707522,0.04797530074414784,0.03350950564072342,-0.009653221749146937,-0.03569917257576857,-0.019688087759373456,-0.0,-0.02245686065436286,-0.03294435123072015,0.040959307919064984,-0.0,-0.014947210327233366,-0.023367773499286183,-0.013555323381961436,0.03372244906401384,-0.029020659057099735,-0.010925080928716588,-0.01765527499473683,-0.0012977964964512544,0.030019403610263243,-0.014952459351679685,0.013309087348213393,-0.011262360439718249,-0.04256375644100996,0.031903996727605376,-0.0057722212247304835,0.04637128035385421,0.013429515743015461,-0.031694094037518244,-0.035907146381137116,0.0322594102822503,-0.0028984825058000307,0.035882989880971855,-0.021230058575254826,-0.011559522249694932,-0.0,-0.0,0.03200332835830268,0.04128987097155489,0.04075868350398635,0.009993572897912152,-0.03391953409545682,-0.023661869634181144,0.042340061561146426,-0.036228876667897855,-0.03853789658005115,-0.01690415695927167,0.041701283133140504,0.037538417513583916,-0.0,-0.018292559965996998,-0.008739888360304036,0.0,0.0020380253699391468,0.014056092132739976,-0.02281009997986484,0.007219286680179437,-0.033880527811076366,0.022179958891012055,-0.04374696531581652,-0.014517558612663165,0.006199964355642479,-0.012933016556260115,-0.014566649008700245,0.013625338175667336,0.0,-0.028491144800683328,-0.0,0.011137378789441396,0.050511348108365293,-0.0025744874335484154,-0.016514148509945308,-0.03188641981341177,-0.015102896572726126,-0.01731184688963198,-0.008197846648306239,-0.04652994661512191,0.0,-0.0024187809182072612,0.02514046211744348
21,volumecc0i,-1.5776339426145406e-06,-0.0,-2.591235821392791e-08,-0.0,-1.3727201728379114e-08,0.0,-1.427081598900653e-07,-1.48549724916752e-06,-8.370747912644658e-09,0.0,-5.1812343009141485e-08,-0.0,-6.223472811619158e-08,-0.0,0.0,-8.411349339623642e-07,-0.0,-8.976028590607272e-08,0.0,0.0,0.0,-0.0,-1.0997556114527197e-07,-6.278268506071249e-07,-5.794263467842505e-08,0.0,-1.6577865072061417e-06,-0.0,-0.0,0.0,0.0,-1.3980349217846445e-07,0.0,0.0,-8.666264429429817e-09,-1.5527440680471864e-08,-1.6154005599950874e-06,-0.0,-0.0,-7.2099076442359524e-09,-5.596953302785838e-09,-8.559731954878831e-08,-0.0,-1.709638465753564e-06,-0.0,-0.0,-4.017970726146132e-08,-0.0,-1.0467961859481406e-07,-1.6690584319134163e-06,0.0,-0.0,-1.697577075033304e-07,0.0,-1.2976592892604252e-07,-0.0,-0.0,-0.0,-3.37228809406211e-08,-1.9656052529048792e-06,-1.2846710138604734e-07,-1.8193741853826978e-07,-6.322439971736639e-08,0.0,0.0,-1.1275416577116365e-06,0.0,-0.0,-0.0,-8.41169101964486e-08,-8.003315566735426e-08,-0.0,0.0,0.0,-3.865826025520968e-08,-5.4620410435702386e-08,-1.4699294171750351e-06,0.0,-1.020819747697096e-06,-5.580919285600112e-09,-2.6356110354185173e-07,0.0,-0.0,-7.159037661393662e-08,0.0,0.0,-1.4548509196007731e-06,-4.438576765592398e-08,0.0,-2.5953188746424946e-08,-5.285344862903838e-08,-8.268463907827972e-08,-1.8940922128582194e-06,-8.473098006953304e-09,0.0,-0.0,-0.0,0.0,0.0,0.0,-2.260590758853237e-07,5.108018538795288e-07
41,idn0i,-1.033289203032194e-11,0.0,-0.0,-0.0,0.0,-0.0,-0.0,1.1955190911123467e-11,0.0,0.0,-0.0,0.0,-0.0,0.0,0.0,1.0539632331212749e-11,-0.0,-0.0,0.0,-0.0,0.0,-0.0,-0.0,-3.5435733021414945e-11,-0.0,-0.0,4.1731651186485204e-11,-0.0,0.0,0.0,0.0,-0.0,0.0,0.0,0.0,-0.0,-1.1513033507319854e-11,0.0,0.0,0.0,0.0,-0.0,-0.0,1.5654476648966124e-11,0.0,-0.0,-0.0,0.0,-0.0,-2.4323916779079215e-11,0.0,-0.0,-0.0,0.0,-0.0,-0.0,-0.0,0.0,-0.0,-4.973174182443882e-11,-0.0,-0.0,-0.0,-0.0,-0.0,9.203069949716911e-12,-0.0,-0.0,-0.0,0.0,0.0,0.0,0.0,0.0,-0.0,-0.0,1.911246207120162e-11,-0.0,1.2653127175857448e-11,0.0,-0.0,-0.0,0.0,-0.0,-0.0,-0.0,3.929136451574991e-11,-0.0,-0.0,-0.0,0.0,0.0,-2.2198757365124603e-11,0.0,-0.0,-0.0,-0.0,0.0,0.0,0.0,6.604900262614053e-14,9.71944281938402e-12
18,laa910perc0i,0.016760132339532663,0.0,-0.0,0.0,0.007143227974525589,-0.0,0.009799402972753979,0.01436132069912969,0.0,-0.0,-0.005616189944714599,0.0,0.003977738638963945,0.0,-0.0,0.021884550738257652,0.0,0.008332228100423847,-0.0,0.0,-0.0,-0.0,0.021462934567652348,0.0033424218040484454,-0.0,0.0,0.005209097566115722,0.0,0.0,-0.0,-0.0,0.014660543013146173,-0.0,-0.0,0.0,0.0,0.0015815543392851586,0.0,0.0,-0.008063030628227465,-0.0,0.005698904151324365,0.0,0.024915738020580377,0.0,0.0,0.0060536196005821575,0.0,0.03365625693546572,-0.005486860827665205,-0.0,0.0,0.004790729322045646,-0.0,0.0029587282300703698,0.0,0.0,0.0,0.001386107930428573,0.011508323668572325,-0.0009509266169027637,0.0,0.004124603456117425,0.0,0.0,0.0203246300731693,0.0,0.0,0.0,0.0018213506365928772,0.007100477368015977,0.0,-0.0,-0.0,-0.0,0.0,0.021818931051338267,0.0,-0.00028742067191753337,0.007249478512571708,0.006646568459662078,0.0,0.0,0.00016533712108751547,-0.0,0.0,0.019363250417753875,0.0,0.0,0.007084702336422374,0.01585151180333969,-0.0,0.007436991156182614,-0.009704108012784212,-0.0,0.0,0.0,-0.0,0.0,-0.0,0.003083628563029467,0.007044729450449815
19,laa856perc0i,0.0153492910673896,-0.010028075188629285,0.01758172364515355,0.0,0.02247895148095041,-0.0,0.026822299086315823,0.02414914661799522,0.02634270784840109,-0.0,0.0282089697398362,0.003812437262500817,0.021982082899494833,0.0,-0.0,0.028294963195529866,0.00466582878892972,0.020091925027775296,-0.0,-0.003657793785178414,-0.0,0.0,0.017879926685623278,0.028715185510040916,0.025059004820557482,0.0,0.036925375388886315,0.0,0.0,-0.0,-0.0,0.019499219639254887,-0.0,-0.0,0.007288390694409072,0.00113502406963014,0.03444559947406619,-0.004414425326530668,0.0,0.015581052591545195,0.01222446062869951,0.02017289636929628,0.006138984676909244,0.022617531294324488,0.001302891750997117,0.0,0.02472738269866532,0.0,-0.031888616549305276,0.025240254685531816,-0.0,0.005194848049132745,0.020877766522764823,-0.0,0.0210117943002478,0.0,-0.0019601112782301833,0.0,0.021804983399752297,0.02824086546371092,0.02238176917462489,0.027801028122263354,0.016916656828758776,0.0,0.0,0.016427297806970834,-0.0007118825264794428,0.0,0.0,0.03154454122989072,0.029651572778831913,0.009572587178391845,-0.0,-0.0,0.02968808652831247,0.013501181176326447,0.027011463402284466,0.0,0.033687005654843095,0.023298809295507688,0.023907784462932784,0.0,-0.0,0.018096927231191006,-0.0,0.0,0.021998897580595093,0.018373372319121627,0.0,0.018648274026602487,0.011857739259763984,0.03300299259180578,0.024052618337548,0.007637808745195142,0.0,0.0,0.005020478316299804,-0.0,0.0,-0.0,0.010472817527680272,0.012850114650851384
17,laa950perc0i,0.020314488663673733,0.012574772682008881,0.017886201466843596,0.008014008906484732,0.0018752787470994608,0.0,0.01048779544384874,0.03314700962392664,0.028586815303470292,0.0,0.026241032142811063,0.0030673165804367196,0.022054355920739364,0.003922307091412456,0.0,0.013461564151490076,0.0036537568282803377,0.017529637435263683,0.0,0.0,-0.0,0.006864103491889194,0.009366040593423886,0.024781733653201455,0.019630110865623634,0.007604575956720547,0.027087865446743332,0.009253579479533171,0.007864413903757516,0.0,0.0,0.005474498689988831,-0.0,0.0,0.019146745781381938,0.012282282543980592,0.02084055060514191,0.011452677817226158,0.009466068000506563,0.04255312942404659,0.00786341457954084,0.02085914344512367,0.013549975533153341,0.01202341948257763,0.01015250608902638,3.283176037844976e-05,0.03361037894245572,0.009713311014632723,0.009843575117202246,0.029198640840654374,0.0,0.013229451438752485,0.022434976565487326,-0.0,0.01699446735471794,0.014246948050077712,-0.0,0.016929170406389974,0.018649661546847163,0.022614868046997125,0.02483288221583955,0.015044954363143319,0.025501652328616484,0.006137301045628574,0.0,0.012260566187419828,0.0,0.00917306162094915,0.0013703712232223694,0.01841532003071053,0.010951063811919744,0.014918202765037794,0.0,0.0,0.02744072677337313,0.013772732853579455,0.016626789732232704,0.00422097512207428,0.021058617428428166,0.01965225530923923,0.02568071304599232,0.0,0.008426371407555297,0.0277433751612244,0.0,0.0,0.011789996470720737,0.012957878867866745,0.0,0.020215619222752786,0.011294476113219794,0.0430873667984689,0.021629577954648337,0.03253436376627265,-0.0,0.0006232667943405904,0.008099455581989936,0.0,0.0015844437378276142,-0.0,0.011954758351892646,0.010587233661850399
48,sre0i,0.019218127920421605,-5.0465423731837757e-05,0.022840280698970847,0.0,0.04277390231190804,0.0,0.00772122428691239,0.061324974610657015,0.02123068303457384,0.0,0.02983879217089829,-0.0034773306849718156,0.03176475633136433,-0.0,0.0,0.07760933886396777,0.0,0.005487880232962291,0.0,0.0,0.0,0.0,0.036420233028557646,0.01905801501280678,0.013877159510139658,0.0,0.044857357464026165,-0.0,0.009672687265331416,0.0,0.0,0.0019595399499352816,0.0,0.0,0.023681992784408204,0.0,0.06296263045625236,-0.0,0.0,0.015064151543622511,0.001307741095492107,0.018261549625692628,0.0,0.056466423567978576,0.0,-0.0,0.017989557923929363,-0.0,0.024582824427710554,0.079333849551457,-0.0,0.002641559155451751,0.0075658577610098945,0.0,0.025748571821573564,-0.0,0.0,0.0,0.018848936635275173,0.05260858338562512,0.02900273738323502,-0.011365444950884703,0.048446310112333274,0.0,0.0,0.026358333553737973,-0.0,0.0,0.0,0.027554424897512156,0.04351158681460541,0.005183122998088385,0.0,0.0,0.02051399648294674,0.03698639974633592,0.06599575043127694,-0.0,0.04586044558404152,0.019823280378736347,0.036670411956033364,0.0,0.0,0.01415011021235023,0.0,-0.0,0.028259950385596998,0.03622447356728401,0.0,0.025802605800587897,0.04109800533222961,0.035834418845010166,0.042446786547061896,0.015185130503184997,0.0,-0.0,-0.0,0.0,-0.0,0.0,0.014827342229015127,0.020241021878890684
9,meandeviation0i,0.14355389353742443,-0.0,-0.02878750647494912,-0.0,-0.009001074322208735,-0.0,0.05543352579342775,0.18678949373871498,-0.033212567889983405,-0.0,-0.0,-0.0,-0.0,-0.0,-0.0,0.07885584891657424,-0.0,0.022849205414898984,-0.0,-0.0,0.0,-0.0,0.019811665539971282,-0.03063351400976402,-0.0,-0.0,0.009625397033350094,-0.0,-0.0,-0.0,-0.0,0.07485910931614388,0.0,-0.0,-0.024926994549857907,-0.006119128897296243,0.07217970684250073,-0.0,-0.0,-0.06053448689978981,-0.0,0.0,-0.001928558581481432,0.17633943810386485,-0.0,-0.0,0.012290193112620976,-0.0,-0.0,0.1367755341446202,-0.0,-0.0,0.0,-0.0,0.05171400126032393,-0.0,-0.0,-0.0,-0.0019933756563761643,-0.03722558803607323,0.01939643272586517,0.04694346324761855,-0.0,-0.0,-0.0,0.2641019425472135,-0.0,-0.004586107559687212,-0.0,0.015563594121942638,-0.0,-0.044794593690960394,0.0,0.0,-0.0011913047055705408,-0.0,0.13621487213713887,-0.0,0.07864667575713555,-0.0,0.0,-0.0,-0.0,0.0,-0.0,-0.0,0.08696732962843676,-0.0,-0.0,-0.0,-0.0,0.024955919186138993,0.10679633684631178,-0.0,-0.0011435008523670107,-0.0,-0.0,-0.0,-0.0,0.0,0.015345852768258728,0.04830017976931159
5,maximumintensity0i,0.1612987850210047,0.0,0.0,0.0,0.030744466645494,-0.0,0.0,0.1659864507230092,0.0,0.0,0.0,0.0,0.0,0.0,0.0,0.13813732355053857,0.0,0.0,0.0,0.0,0.0,0.0,0.0,0.16470460125740982,0.0,0.0,0.14042420224099278,0.0,0.0,0.0,0.0,0.0,0.0,0.0,0.0,0.0,0.1459078707653443,0.0,0.0,0.0,0.0,0.0,0.0,0.20437815708339804,0.0,0.0,0.0,0.0,0.0,0.1630923000516849,0.0,0.0,0.0,0.0,0.0,0.0,0.0,0.011512688368577925,0.0,0.11905761228152582,0.0,0.0,0.0,0.0,0.0,0.15000427135636898,0.0,0.0,0.0,0.0,0.0,0.0,0.0,0.0,0.0,0.0,0.15119642234091435,0.0,0.130888026433893,0.0,0.0,0.0,0.0,0.0,0.0,0.0,0.14125499675080566,0.0,0.0,0.0,0.0,0.0,0.14768414755684076,0.0,0.0,-0.0,0.0,0.0,0.0,0.0,0.02166272322427803,0.053078991752034954
36,energyglcm0i,-0.14342709270797976,0.0,0.0,-0.0,0.0,-0.0,-0.037650630369030914,0.23749139652667342,0.0,-0.0,0.0,0.0,-0.0,0.0,0.0,0.249143643924975,-0.0,-0.0,0.0,-0.0,0.0,0.0,-0.01328122048535309,0.2181293339486611,-0.011984433350548631,0.0,-0.02791764976272256,-0.0,-0.0,0.0,0.0,0.0,0.0,0.0,0.0,-0.0,0.19003875155623937,0.0,0.0,0.0,0.0,-0.0,0.0,0.13203205872957036,0.0,-0.0,-0.0,0.0,-0.10747476034311827,0.5785439335021124,0.0,0.0,0.0,0.0,-0.06666703263617961,0.0,-0.0,0.0,0.0,0.3710190211443879,-0.0,-0.0,-0.0,-0.0,-0.0,0.1330165077588531,-0.0,0.0,-0.0,-0.0,-0.0,0.0,0.0,0.0,0.0,0.0,0.058362296293613454,0.0,0.34466425682473034,0.0,0.0,-0.0,0.0,-0.004468709546182013,-0.0,-0.0,0.1489727625634593,0.0,-0.0,0.0,-0.0,-0.0,0.0519657650330661,0.0,0.0,-0.0,0.0,0.0,0.0,0.0,0.02300508198605227,0.09181160372550136
60,extrudedvolume0i,0.08525800883755587,0.0,0.0,0.0,0.0,0.0,0.09299131146856074,0.09296257873422942,0.028750045319493527,0.0,0.06605355201834476,0.0,0.05139963287873381,0.0,0.0,0.0557161471845628,0.0,0.07979971929895782,0.0,0.0,0.0,0.0,0.08571487574189884,0.13167446819811282,0.0026256578054126268,0.0,0.05590395941619717,0.0,0.0,0.0,0.0,0.0,0.0,0.0,0.04195130582923874,0.0011891341243296747,0.044220823402736247,0.00018644568544560824,0.0,0.007206054870829151,0.023495588591711955,0.08954481035236071,0.001550201168461102,0.08104562003691752,0.0,0.0,0.050601675224286054,0.0,0.016799819075507753,-0.01308305603201345,0.0,0.0,0.06047260368839607,0.0,0.08117973888979006,0.0,0.0,0.030827715043783732,0.038833930121692374,0.08260197224637664,0.0,0.04688529400647744,0.06807852010528086,0.0,0.005559947272137489,0.05670547594845206,0.0,0.0,0.0,-0.0,-0.0006281621293224206,0.030277096983667293,0.0,0.0,-0.0,0.0633481259033498,0.08901383532448506,0.0,0.04964662980466249,0.07690489374759134,0.07646611639760273,0.0,0.00992841727209474,0.052803710402960585,0.0,0.0,0.06040312853856389,-0.005342168289882377,0.0,0.06642024089091778,0.047162352117449055,0.04346442689298358,0.07228245491213013,-0.0,0.0,0.0,0.0,0.0,0.0,0.0,0.023768546753235115,0.03348289136591215
8,range0i,-0.05052667499032697,-0.0,0.09008300684964553,0.0,0.03745109469890626,-0.0,0.11133081409902738,-0.03582938708720832,0.07707086038928604,-0.0,0.10571448231629334,-0.0,0.12963846524680886,0.0,-0.0,-0.04031515487179152,-0.0,0.126384568716387,-0.0,-0.0,0.0,0.0,0.07020553170954599,-0.022980773921080295,0.0850392043397448,-0.0,-0.04234890488209014,-0.0,0.0,-0.0,-0.0,0.11573193516087153,0.0,-0.0,0.06110983330852139,0.0,-0.04788663534519286,0.0,0.0,0.0516003550781721,0.03000979067088985,0.11801318368784695,0.0,-0.019481731641173405,-0.0,-0.0,0.09313398604317238,0.0,0.07385896286913593,-0.03641151152702444,-0.0,0.0,0.11928864522684991,-0.0,0.13235716278622092,-0.0,-0.0,0.0,0.0627622658142147,-0.03941001764724701,0.08208722810808887,0.10074584810137928,0.07874505257802783,-0.0,-0.0,-0.024495739521723087,-0.0,-0.0,-0.0,0.09684896113768912,0.1212976000092818,0.0,-0.0,-0.0,0.10852006884578774,0.09944423998359253,-0.03216109237395955,-0.0,-0.03135559865343731,0.09431979040727168,0.086057879169994,-0.0,-0.0,0.12708080898903742,-0.0,-0.0,-0.03976070881116979,0.09856071404771521,-0.0,0.09238539130617568,0.07793234179493608,0.1409037789729023,-0.03571948879901776,0.08082080577561757,-0.0,-0.0,0.0,-0.0,-0.0,0.0,0.026778512381665953,0.05172142373189294
53,lglre0i,0.26283495066683177,0.0,0.03459432355632105,-0.0,0.0,-0.0,0.07944512491085495,-0.26286768264601024,0.0,-0.0,0.06686616609767508,-0.0,0.03783198223874488,-0.0,-0.0,-0.23080156746620442,0.0,0.06248700797849846,-0.0,0.0,-0.0,0.0,0.047145081169860804,0.20636701526967,0.003651028925288067,0.0,0.26309294878019324,-0.0,0.0,-0.0,0.0,0.0,-0.0,-0.0,0.0,-0.0,0.8258623972963125,0.0,0.0,0.0,0.0,0.0,0.0,0.4136866512343449,0.0,-0.0,0.0021339243996646795,0.0,0.13756769403447233,0.11821578674682579,-0.0,0.0,0.10605617232789523,-0.0,0.09686012263943375,-0.0,0.0,0.0,0.0,0.31957269120324805,0.08072889475048985,0.06334151423947872,0.0,-0.0,0.0,0.5628625014128726,0.0,0.0,0.0,0.0,0.03245601003089666,0.0,-0.0,-0.0,0.0047837332750024835,0.05910680428794289,0.04006503585125154,-0.0,0.36144222865489894,0.0,0.0,0.0,-0.0,0.0,-0.0,0.0,0.27582111135052506,0.0,0.0,0.05963475077641478,0.0,0.030688846276871035,0.05769710366771483,0.0,0.0,-0.0,-0.0,-0.0,0.0,-0.0,0.04219230353938279,0.1304491515671944
28,sphericity0i,0.19076513658764702,0.0,0.1203293752157819,-0.0,0.0,0.0,0.07268265689181648,0.1662326482041496,0.01728578398086747,-0.0,0.02954275248630738,0.0,0.14753571575290897,-0.0,-0.0,0.009385688663650409,0.0,0.1300191901594656,-0.0,0.0,-0.0,0.0,0.02443703333484805,0.22326813600489304,0.05791784833048481,0.0,0.23318841954611563,0.0,0.0,-0.0,0.0,0.09519060392129887,-0.0,-0.0,0.011874379013327871,0.0,0.186535514953021,0.0,0.0,0.02761981684911524,0.008035262758003195,0.12615367115657902,0.0,0.1457201562188567,0.0,-0.0,0.08008622249595007,0.0,0.034238761784254744,0.08201537338360203,0.0,-0.0,0.10235934082626659,-0.0,0.07728301319802656,0.0,0.0,0.010252911338027158,0.01746152034613406,0.07760669815113688,0.03619174739452443,0.317629343535105,0.03418558596363331,-0.0,0.0,0.12893367474150436,0.0,0.0,0.0,0.0,0.025323768316083555,0.010922815341768699,-0.0,-0.0,0.05224271461088862,0.06461898900484431,0.1975340543418567,0.0,0.11999691769328362,0.022879935721940366,0.0848154764071965,-0.0,0.0,0.06563972964858618,-0.0,0.0,0.17753145969633047,0.04340497325001522,-0.0,0.054796085474971404,0.049596584667259615,0.08125892421577532,0.15128665195250596,0.03538306489087341,0.0,0.0,-0.0,-0.0,-0.0,-0.0,0.04259196128421484,0.06575446142619569
62,boxcountingdimension0i,0.08357495405053114,0.03924970231956224,0.05753739575987404,0.04927055750129828,0.05362614536118455,0.03975327704295244,0.054797266847138,0.09665528770647981,0.05681723611013658,0.03193895818381765,0.06211028068059034,0.041421873046291316,0.06161169385172313,0.041982416151353105,0.026718445034171527,0.07908762343455027,0.0527083580160044,0.07933908006602705,0.03589587923980501,0.038690405084453906,0.0,0.052424092983462026,0.08649357316980076,0.09197036560248566,0.05509294476663127,0.04480512830813093,0.09054272667978634,0.04279629315640545,0.04425576226808715,0.0313972278103317,0.032122312658660106,0.07113044947103986,0.004290661740310778,0.02314948873369193,0.0666444302233292,0.04746560882525236,0.08467182616804882,0.04931971353789545,0.04800911263699344,0.04422973684559897,0.06319458105845799,0.07572571394508486,0.040960245294410474,0.09306034657669639,0.052964301379948696,0.03654211243485672,0.0563926626107212,0.05772174974476473,0.06304620480937437,0.06833647631550943,0.032079600612214314,0.039270174258964195,0.07914520391431422,0.03198007221162181,0.07911096842491754,0.04615877438166296,0.038958891588055856,0.057144672422808615,0.06066001305346498,0.06664982316193695,0.06514786990457962,0.07137777275503894,0.06635851360961029,0.04389904341936619,0.035215352137906004,0.08429995501434676,0.03252637455766259,0.04787814695678467,0.046456318531191594,0.06611139160810448,0.052450084923050394,0.051480391206158764,0.026921565747748358,0.03397391611112514,0.05322033989598222,0.06385974532772933,0.08683353211484178,0.048498866757289046,0.057782653181737254,0.06517467692248975,0.07893076004704655,0.03577052989099939,0.039515693191668366,0.05927773519164264,0.03217420874642188,0.05149405003553493,0.09476742681458834,0.047846690534984665,0.023281001911608326,0.05183422188940937,0.0599715879780599,0.07339562250975204,0.07102292014170994,0.05452102073996226,0.04439627743936141,0.046805138281025796,0.0537112787711653,0.03707965383637927,0.03639935561042641,0.0,0.053243625635181625,0.019821408452334877
29,autocorrelation0i,-0.04444901559218064,-0.0,-0.0,-0.0,-0.0,-0.0,0.0,0.35726741369475123,-0.0,-0.0,-0.0,-0.0,-0.0,-0.0,-0.0,0.12451447020437673,-0.0,-0.0,-0.0,-0.0,0.0,-0.0,0.0,1.6115087975230942,-0.0,-0.0,0.007856589545775972,-0.0,-0.0,-0.0,-0.0,0.0,0.0,-0.0,-0.0,-0.04696622717453706,0.0028449053820270285,-0.0,-0.0,-0.0,-0.0,0.0,-0.0,0.4870490411713992,-0.0,-0.0,-0.0,-0.0,-0.0,0.3908845043703405,-0.0,-0.0,-0.0,-0.0,-0.0,-0.0,-0.0,-0.0,-0.0,0.5752429944788686,-0.0,-0.0,-0.0,-0.0,-0.0,0.9098999951659844,-0.0,-0.0,-0.0,-0.0,-0.0,-0.0,-0.0,-0.0,-0.0,-0.0,0.31443490417657805,-0.0,0.11009472484547551,-0.0,-0.0,-0.0,-0.0,-0.0,-0.0,-0.0,0.354551333657544,-0.0,-0.0,-0.0,-0.0,-0.0,0.2189151372812364,-0.0,-0.0,-0.0,-0.0,-0.0,-0.0,0.0,0.05373649568730734,0.2071001047286319
61,extrudedsurfacevolumeratio0i,0.13977941917115635,0.011981657005184136,0.16451005390002058,0.010910507609209448,0.1199605475401514,0.0,0.11395190061635559,0.11927689289457898,0.09331187559051564,0.0,0.15994126191154093,0.0,0.12114103230503674,0.009870201756262955,-0.0,0.151921638520784,0.02327894822743721,0.12834205004016347,0.0,0.0,-0.0,0.013583486557611312,0.14030331445979533,0.17819365037955937,0.16415898444424348,0.001333218119738176,0.05218126931102598,0.0,0.003305444890579006,-0.0,0.0,0.14143076451774741,-0.0,-0.0,0.11973045053287978,0.02321729652775495,0.08490742036142498,0.009118986829609285,0.03178195817171192,0.10366974838550341,0.07642851145990329,0.1910776303078882,0.021607830122685433,0.06925426250562997,0.01482605971797157,0.0,0.15820049329681124,0.028802351682451037,0.12619337948783182,0.09695966127986946,0.0,0.012396421570134064,0.1640617966354151,-0.0,0.10187830447286421,0.0,0.0,0.06627187247819209,0.13544990736880524,0.15617354708653683,0.15602167265550076,0.13685308402501162,0.1206621130189475,0.0,0.0,0.17227495058763154,-0.0,0.014154314849960489,0.0,0.12197660596826679,0.16027679562480418,0.07120616492298439,-0.0,0.0,0.06438442945881513,0.13682012624622925,0.16914868186246704,0.0,0.10100302866375337,0.1324814397293912,0.16412193325246618,0.0,0.0,0.12913116231892952,0.0,0.0,0.089074919222585,0.1274233144659358,0.0,0.12596947607688966,0.12489163908786163,0.15307954827068254,0.12852294879857015,0.11904570312125369,0.0,0.0,0.007823323951492102,0.0,0.0,-0.0,0.06581023386231001,0.06551039124254615
51,rln0i,0.7424704425652046,0.0,0.0,0.0,0.007578313436367974,0.0,0.0,0.38518884848753226,0.0019014955052229878,0.0,-0.0,0.0,0.08159367836063712,0.0,0.0,0.3702653660229593,0.0,0.0,0.0,0.0,0.0,0.0,0.0,0.14262163185996674,0.14836391296943627,0.0,0.6713977395479888,0.0,0.0,0.0,0.0,0.09187228491981413,0.0,0.0,0.0,0.0,0.2730247091159761,0.0,0.0,0.0,0.0,0.2188339957535005,0.0,0.321395699982341,0.0,-0.0,0.06561726900057994,0.0,0.0,0.40459846637921,0.0,0.0,0.27992829846151246,0.0,0.0,0.0,0.0,0.0,0.0,0.1875692283675497,0.1795257982448502,0.5472765918584828,0.0,0.0,-0.0,0.3646159751053391,0.0,0.0,-0.0,0.0,0.03544519332748129,0.0,0.0,0.0,0.0,0.0,0.289816111420156,0.0,0.3512371155570362,0.020855599369841975,0.12588209093708422,0.0,0.0,0.0,0.0,0.0,0.27324407966127817,0.0,0.0,0.0,0.0289993179877217,-0.0,0.3495552357384047,0.08884285449317188,0.0,0.0,0.0,0.0,0.0,0.0,0.07049517344436648,0.15001674628070708
32,clustertendency0i,1.2288067098580122,-0.0,-0.05802961194806775,-0.0,-0.0,-0.0,0.0,-0.06107389736835565,-0.0,-0.0,-0.0,-0.0,-0.038963236528502414,-0.0,-0.0,0.8487520597316616,-0.0,-0.0,-0.0,-0.0,0.0,-0.0,0.0,1.1311481615977061,-0.1384933249882765,-0.0,0.16793147682092746,-0.0,-0.0,-0.0,-0.0,0.0,0.0,-0.0,-0.0,-0.0,0.47660773563465425,-0.0,-0.0,-0.0,-0.0,0.0,-0.0,0.48299055493906384,-0.0,-0.0,-0.0,-0.0,-0.0,0.9849433122617808,-0.0,-0.0,-0.0,-0.0,-0.0,-0.0,-0.0,-0.0,-0.0,0.08970396029709331,-0.0,-0.0,-0.0,-0.0,-0.0,0.42738870704543436,-0.0,-0.0,-0.0,-0.0,-0.0,-0.0,-0.0,-0.0,-0.0,-0.0,0.6271371927956616,-0.0,-0.07703795514593118,-0.0,-0.0,-0.0,-0.0,-0.0,-0.0,-0.0,0.6618106866198916,-0.007641999605515092,-0.0,-0.07359480103743425,-0.0,-0.0,0.636635132773145,-0.0,-0.0,-0.0,-0.0,-0.0,-0.0,0.0,0.07309020863752949,0.2429173828302317
59,extrudedsurfacearea0i,0.23434411195718446,0.0,0.1796882452737463,0.0,0.15830587542210134,0.0,0.12445337379218457,0.1684806324707986,0.16180511570727432,0.0,0.10856812478831046,0.0,0.17712437716191168,0.0,0.0,0.2660893182499266,0.0,0.1593575534354205,0.0,0.0,0.0,0.0,0.1722059132092934,0.07570238719794113,0.24733340862589798,0.0,0.14163934348887935,0.0,0.0,0.0,0.0,0.2028591744292674,0.0,0.0,0.05074704290023779,0.0,0.24211984440386178,0.0,0.0,0.0924575494393835,0.0566904869671065,0.15867021561052536,0.0,0.13466249832769972,0.0,0.0,0.17139677477203358,0.0,0.15270280319238355,0.3132770749115949,0.0,0.0,0.21893088296859917,0.0,0.06681343786473072,0.0,4.6601330249826316e-05,0.0,0.2158840928384543,0.13550504917264408,0.1912471637261077,0.24468353792527472,0.18230032771078056,0.0,0.0,0.1766848226045693,0.0,0.0,0.0,0.1756282262686589,0.21806239617073145,0.0,0.0,0.0,0.26477650959582044,0.14655447500372493,0.11384080190209692,0.0,0.2482225411984761,0.1839580215085721,0.18672867418428157,0.0,0.0,0.08001007921695914,0.0,0.0,0.2489909802508638,0.2375696579126742,0.0,0.10885153582953469,0.21744660757555806,0.16002337631513308,0.16606001331046832,0.23282892646584077,0.0,0.0,0.0,0.0,0.0,0.0,0.0837232998458577,0.09635792475446366
50,gln0i,0.18529921255288725,0.0,0.10270838951606277,0.0,0.10626453280906781,-0.0,0.36115572771291365,-0.0643086211565644,0.035877959465680766,-0.0,0.2268281848815805,0.0,0.2729690101063069,0.0,0.0,0.1262255032580879,0.0,0.29810888081006404,0.0,0.0,0.0,0.0,0.30790691589521196,0.13321388170197113,0.22645156984707387,0.0,0.1424134245860469,-0.0,0.0,-0.0,0.0,0.4317095594210813,0.0,0.0,0.017610449831055953,-0.0,-0.14119045400384336,0.0,0.0,0.017673756268252974,0.0,0.4064471365269867,0.0,0.07669340111964264,0.0,-0.0,0.19250597334194985,0.0,0.28962327579834646,0.08545858091336787,0.0,0.0,0.41617026618704767,0.0,0.35531774695915896,0.0,0.0,0.0,0.19224333110157416,0.08287145060759213,0.29893094629357403,0.1773660851051925,0.17013045954475953,-0.0,-0.0,0.08813336736256562,-0.0,0.0,-0.0,0.36187866645667244,0.19998736374400383,0.0,0.0,0.0,0.23212972689310138,0.2601788019789258,-0.0720366723957441,0.0,0.29459487037719634,0.16909959587161943,0.3905825797638667,-0.0,0.0,0.2742369120372378,-0.0,-0.0,0.08050397096045844,0.22903566427684913,-0.0,0.23426829367789298,0.2119920987496589,0.38868163735246075,0.15235762484655654,0.02415835290802321,0.0,-0.0,0.0,0.0,0.0,0.0,0.09050459391863477,0.13301701801185503
24,compactness10i,0.3067796813601424,0.07186236128249232,0.1667790017104791,0.0848209437428547,0.14108459581210428,0.02788093160646702,0.18586482546124755,0.19921541319576605,0.10903283689893131,0.024532539102067676,0.17942219055620354,0.06810913001265895,0.12844017671430105,0.08451956374035793,0.01966541624068891,0.3352893971239496,0.08285249218542574,0.135884352746943,0.0,0.0390157869157006,0.0,0.0740470918636298,0.15691716009092624,0.289230420302348,0.19433330016227457,0.0725335043879594,0.1764089102744521,0.0763653509017716,0.11075861982657413,0.01758768926226592,0.010902569919472038,0.1720205053505085,0.0,0.015120180843534467,0.10919488585604847,0.12825287740867164,0.27482626297037066,0.05119827034861458,0.07650299053339725,0.09843279184235519,0.08155740016762121,0.24330190603264146,0.09753901838338926,0.20718361691578502,0.08310451909467413,0.06586602922829649,0.1180755286023386,0.1007441866562223,0.24246358503295568,0.34825987226379196,0.00457759695586899,0.07267508416141345,0.20896776651137053,0.004055563688197866,0.1811369278486736,0.07079535971573779,0.09067823367573677,0.04947846732808366,0.2198859944517056,0.3593675772654776,0.23841729388032798,0.17208584519566936,0.16548518353536992,0.04309120101995751,0.03884165304121297,0.2999531841250935,0.03530889602314454,0.06554592941951537,0.06374359563317548,0.23375144615974153,0.2148086599844408,0.0699679258377672,0.011269295719841841,0.01805215431095331,0.17466317702151402,0.14878556935235016,0.2988472590572984,0.040316164024801995,0.3350817794509033,0.13116972127355878,0.20803084799191918,0.021874564924999187,0.0778421752869051,0.2255443428031125,0.04164722063236395,0.05991176604028141,0.2837008972939078,0.11332333423711748,0.033070028582842685,0.1223733838883932,0.15352658642140576,0.18079632759829922,0.3381435469476703,0.12300298203586575,0.05316214646654305,0.059051630116269856,0.05934986133955427,0.006457014302942941,0.05427524642116883,0.0,0.12359669089932136,0.09439994650267199
22,surfaceareamm20i,0.5497589628784321,0.0,0.18057582786434542,0.0,0.02417391285706443,0.0,0.5284108767230563,0.5389152050133851,0.0,0.0,0.18329331270458588,0.0,0.3648166441677048,0.0,0.0,0.280764945071925,0.0,0.3475665889469213,0.0,0.0,0.0,0.0,0.34834382352136994,0.6840304613655377,0.2538162422165245,0.0,0.6121774542891903,0.0,0.0,0.0,0.0,0.41247831749800806,0.0,0.0,0.0,0.0,0.4995636001655153,0.0,0.0,0.0,0.0,0.4900815761400243,0.0,0.5155782326759558,0.0,0.0,0.2768062229218476,0.0,0.4128041844039247,0.4996050100464624,0.0,0.0,0.35577052886591704,0.0,0.4930169287973465,0.0,0.0,0.0,0.14552608629916125,0.5657031782165891,0.39378340775236215,0.47616744004332756,0.16844119604760777,0.0,0.0,0.6375853601437685,0.0,0.0,0.0,0.3617355738271032,0.1987219598621151,-0.0,0.0,0.0,0.22633003701398724,0.1652343200521737,0.5938196846640607,0.0,0.5112493449580813,0.0,0.39853442853302196,0.0,0.0,0.41335013822883815,0.0,0.0,0.5658847453096149,0.19984920783585075,0.0,0.1812308614756843,0.16984519758727046,0.26970296705386404,0.5531588130646162,0.0,0.0,0.0,0.0,0.0,0.0,0.0,0.16048202807104142,0.2160409782402866
6,meanintensity0i,0.7199139067622521,0.028763774432736047,0.2206194321459856,0.028978058500960288,0.0,0.0,0.33566667727532357,0.6238745045322843,0.04948541303449095,0.027894860533641996,0.3036989539075991,0.018846876129793994,0.2682087147282844,0.018627501216074906,0.0,0.5597244015397299,0.02014792643232725,0.3451421557900802,0.0,0.027768100466069767,0.0,0.026392211691112773,0.5859628449428883,0.4878745661995075,0.31299119799652964,0.024445006100612992,0.5023143279289044,0.023565491242375308,0.021354700474261495,0.0,0.00908438773684633,0.5060473769729543,0.0,0.0,0.08107720007557263,0.03314375234943075,0.7275630422718534,0.03136187742178291,0.029089417505127113,0.022289974699858515,0.11525688384210436,0.45187594162452843,0.03356760572396806,0.46561757781549407,0.030863527978353074,0.008322881614134029,0.22348890974899602,0.02339675236867715,0.47047689427498385,0.5521072469080947,0.0,0.02876781847307576,0.3121231612318656,0.0,0.33985339555813404,0.02075863303078356,0.02865254124474882,0.0920418343376748,0.22678525171308386,0.6085100631901443,0.4212745221793106,0.5344867875248882,0.24834819666987065,0.0,0.008287408025582211,0.5225761631983831,0.019969859491544898,0.03305085993463285,0.0,0.4889926788726238,0.40161078881408485,0.03295829358295052,0.0,0.008615630111198974,0.10379272712749013,0.24887176210343684,0.6096716852022493,0.015356825566089619,0.5078188974748113,0.1818890726831592,0.459109225428303,0.0,0.028187030762814265,0.2195492890681884,0.0,0.018234488542095365,0.6782461396289146,0.07576976785441256,0.0,0.21181056803800344,0.17955564147993072,0.4339479508535428,0.5460597289156492,0.022736028858311885,0.021206272302888594,0.017955218177858126,0.02779325364353688,0.002465727091042453,0.025016075927610563,0.0,0.18409600118851507,0.2213508876785821
1,graylevels0i,0.5075369786698032,0.18540663401659283,0.154527009790873,0.1787439709829683,0.13891736128085252,0.15766923244661452,0.15061048931549548,0.36984283139732105,0.12834510395980075,0.1546229529674291,0.1043647030957831,0.1772349899664824,0.13966377010686098,0.19955015661392492,0.16009852286723736,0.5552657553183945,0.17622316131818008,0.13598452793413163,0.14592714367512521,0.1742214745582499,0.1415082218330445,0.1885231627318755,0.10817134469384977,0.3323089928675479,0.1282129046455882,0.17756521984270657,0.48365592077758174,0.16056065981187453,0.16755463401698525,0.17264999777973544,0.17607810589729328,0.13522543775931692,0.14764594831553052,0.16235786348040587,0.16675070970677844,0.1544561755446646,0.434396517052423,0.16025285899892144,0.17293367928127087,0.17163143227211464,0.18754145674733244,0.1565038426517562,0.17766314953872533,0.4241519800706504,0.18600372479012584,0.17635518592158095,0.16029120512507236,0.16639177435265426,0.1685392012316901,0.5215067736817802,0.17183285855944982,0.2019285647122935,0.10118268956390841,0.165705060148156,0.1628150978149537,0.1817050086949497,0.15567230094665258,0.17455058829161066,0.12324742911369543,0.4250122726451164,0.11654794790834007,0.10143208199596356,0.1728755430328938,0.16155130938761184,0.17968138435000205,0.43165640848180375,0.17748223472688848,0.1946507573337606,0.1781914304919182,0.15049051540798283,0.04698636525394992,0.18918508668070677,0.1665161831443821,0.15912876009564517,0.11564812847663347,0.1634752581857028,0.48027921286715847,0.183927478000081,0.5430777409362527,0.11440835779141005,0.09152636294191219,0.16427228138393288,0.18223422861300734,0.10762521498128833,0.14886572879986737,0.16849401124355937,0.5579017933304552,0.19713072199724355,0.1737079170138312,0.1121394658833278,0.16846980601697406,0.10055785608141556,0.505369106322473,0.16235137549622639,0.18890601076646238,0.1725895744695658,0.16930332120797795,0.1571121430244774,0.19186914899755833,0.1098897343552574,0.20083304709669683,0.11434099675918218
46,sumvariance0i,1.435032735692535,0.0,0.1078291694545374,-0.0,0.06521218865399395,-0.0,0.13842578335956135,0.8998735806807522,0.054156874117486445,-0.0,0.04675303903326876,0.0,0.12754259577830923,0.0,-0.0,1.5246089472444468,-0.0,0.031733866651499514,0.0,-0.0,0.0,0.0,0.12179548868189234,1.5244132319025983,0.11405804857653758,0.0,1.0337825094422148,-0.0,0.0,-0.0,0.0,0.07232211262247112,0.0,-0.0,0.04124305524129458,-0.0,0.9835249043710285,0.0019039149764000618,0.0,0.03686849749178082,0.02691172845837971,0.13976729730655615,0.0,1.1627383848191535,0.0026113059368778374,-0.0,0.09107863062046412,0.002949017840075021,0.19767723286783825,1.5620337206666854,0.0,0.0,0.09066506775955552,0.0,0.14155875096980772,0.0,-0.0,0.0,0.09087523159569695,1.1866965078511649,0.128441146500585,-0.0,0.09049378434934577,0.0,-0.0,1.1774138813764286,-0.0,0.0,-0.0,0.07630052953880513,0.06575288859184258,0.0,-0.0,-0.0,0.08446899513087985,0.055085943695706664,1.2374294729739628,0.0,1.5832010399155159,0.03907531340671146,0.09968316361042288,-0.0,0.0,0.11414240510237553,-0.005323754611181173,-0.0,1.4723884567514962,0.0483293235440604,-0.0,0.04791007276675653,0.09423422167417707,0.021044596253120003,1.3901712610612216,0.07007126991528612,0.0,-0.0,0.0,0.0,0.0,0.0,0.20946957432212382,0.4491823807438963
45,sumentropy0i,3.2308634322208585,-0.0,-0.0,0.0,-0.0,0.0,-0.0,1.3442619724218396,-0.0,0.0,0.0,0.0,-0.0,0.0,0.0,3.2103629148862822,0.0,-0.0,0.0,0.0,-0.0,-0.0,-0.0,1.850506673294985,-0.0,0.0,2.18817078460854,0.0,0.0,0.0,0.0,-0.0,-0.0,0.0,-0.0,0.0,1.3817511663626025,-0.0,-0.0,-0.0,-0.0,-0.0,0.0,1.9274093105312704,0.0,0.0,-0.0,-0.0,-0.0,2.411067258407211,-0.0,-0.0,-0.0,-0.0,-0.013260845220757086,0.0,0.0,-0.0,0.0,1.3304793857063388,-0.014349479255467043,-0.3291712765974698,-0.0,0.0,0.0,1.834573489382613,0.0,-0.0,0.0,-0.0,-0.0,-0.0,0.0,0.0,-0.0,-0.0,2.507462215530209,0.0,2.5316592609815696,-0.0,-0.0,0.0,-0.0,0.0,0.0,0.0,2.305078834058218,-0.0,0.0,-0.0,-0.0,-0.0,2.4175181539883743,-0.0,0.0,0.0,0.0,0.0,0.0,-0.0,0.3011438325130722,0.7888730013207511
39,homogeneity20i,3.031661601883631,0.0,0.0,-0.0,-0.0,-0.0,-0.0,1.6743964949050167,0.0,-0.0,-0.0,0.0,-0.0973439560787317,0.0,0.0,3.4215903077037306,-0.0,-0.0,0.0,-0.0,0.0,0.0,-0.0,3.0997300806332926,-0.07152506216959158,-0.0,2.0444733557411103,-0.0,0.0,-0.0,0.0,-0.0,0.0,0.0,0.0,-0.0,2.1049317289157576,0.0,0.0,0.0,0.0,-0.0,0.0,2.210624689785847,0.0,-0.0,-0.0,0.0,-0.0,2.970077168734827,0.0,0.0,-0.0,0.0,0.0,0.0,-0.0,0.0,-0.0,2.099880510164828,-0.0,0.0,-0.0,-0.0,-0.0,2.2057419846452255,-0.0,0.0,-0.0,-0.0,0.0,0.0,0.0,0.0,-0.0,-0.0,3.1587089226966096,0.0,2.587981848963435,0.0,0.0,-0.0,0.0,-0.0,-0.0,-0.0,2.9382547482545136,-0.0,-0.0,-0.0,-0.0,-0.0,2.834784367415996,-0.0,0.0,-0.0,0.0,0.0,0.0,0.0,0.36213968792195494,0.9227584676265823
56,srhgle0i,0.7958773846690421,0.0,0.6482336468595377,0.0,0.055550657182019715,0.00019844131763922153,1.3139157029760875,1.0406518486870693,0.07490422179775293,0.0,0.8980185306085743,0.0,0.929001007196141,0.0,0.0,0.8858467607375536,0.0,1.4820180585249574,0.01623130505803407,0.0,0.0,0.0,1.5229917952113348,1.242884646400636,0.8842183402634781,0.0,0.8714815877988298,0.0,0.0,0.0,0.006895803542057847,1.3258703950315256,0.0,0.0,0.028922402509842432,0.012156072627984226,0.9632954901918757,0.02542745236199364,0.0,0.035475867083760444,0.011486627637988873,1.1138498825777141,0.0,1.1508663668691341,0.0,0.0,1.0313556208895207,0.014422504008171931,1.4885876833171083,1.088427264451008,0.004935847079855258,0.0,1.196409105086378,0.0,1.4537964554220306,0.0008707096969099621,0.01634998156504671,0.010572936349539031,0.6983070323813049,1.2147410690159652,1.3061019423473352,1.0749961822735394,0.7238502408836459,0.0027557644451925386,0.0,1.1388808484910298,0.0,0.0,0.0,1.5168947437222016,0.9500858630868433,0.0,0.0,0.0,0.7226786077201844,0.5780552300172819,1.1630111492405253,0.0,1.2246956391183812,0.09160423018728465,1.166389587165957,0.0,0.0,0.9708711001572589,0.0,0.003151947576031919,1.1732429583457475,0.7253108251379886,0.0,0.6904355626781735,0.6713683515876638,1.3624304843717094,1.101946661244016,0.0408756339251957,0.0,0.008763227719991173,0.014007900079692086,0.002889577391254511,0.0,0.0,0.43980340763899534,0.5442561843467044
47,varianceglcm0i,2.804516706131857,-0.0,-0.0,-0.0,-0.0,-0.0,0.0,3.765142085108024,-0.0,-0.0,-0.0,-0.0,-0.0,-0.0,-0.0,4.024475870172111,-0.0,-0.0,-0.0,-0.0,0.0,-0.0,0.0,3.3285271755715113,-0.0,-0.0,4.069347882171765,-0.0,-0.0,-0.0,-0.0,0.0,0.0,-0.0,-0.0,-0.0,3.4060445813880786,-0.0,-0.0,-0.0,-0.0,0.0,-0.0,2.8209232911827513,-0.0,-0.0,-0.0,-0.0,-0.0,3.7902812201638114,-0.0,-0.0,-0.0,-0.0,-0.0,-0.0,-0.0,-0.0,-0.0,3.7133533587644756,-0.0,-0.0,-0.0,-0.0,-0.0,2.8124202454794234,-0.0,-0.0,-0.0,-0.0,-0.0,-0.0,-0.0,-0.0,-0.0,-0.0,3.3565420142699494,-0.0,4.728696786975547,-0.0,-0.0,-0.0,-0.0,-0.0,-0.0,-0.0,3.81442921306095,-0.0,-0.0,-0.0,-0.0,-0.0,3.514684020464279,-0.0,-0.0,-0.0,-0.0,-0.0,-0.0,0.0,0.4994938445090454,1.2533187631213456
40,idmn0i,4.307048556029753,0.0,-0.0,-0.0,0.0,-0.0,-0.0,4.789438979445716,0.0,0.0,-0.0,0.0,-0.0,0.0,0.0,5.079115072024921,-0.0,-0.0,0.0,-0.0,0.0,-0.0,-0.0,4.705404804784083,-0.0,-0.0,4.872470138668789,-0.0,0.0,0.0,0.0,-0.0,0.0,0.0,0.0,-0.0,5.179157037638487,0.0,0.0,0.0,0.0,-0.0,-0.0,4.471213581135509,0.0,-0.0,-0.0,0.0,-0.0,5.1001377459973085,0.0,-0.0,-0.0,0.0,-0.0,-0.0,-0.0,0.0,-0.0,4.534192099305816,-0.0,-0.0,-0.0,-0.0,-0.0,4.567797264191599,-0.0,-0.0,-0.0,0.0,0.0,0.0,0.0,0.0,-0.0,-0.0,4.613183692890575,-0.0,4.4878267932372085,0.0,-0.0,-0.0,0.0,-0.0,-0.0,-0.0,5.286037399085907,-0.0,-0.0,-0.0,0.0,0.0,4.572469273671546,0.0,-0.0,-0.0,-0.0,0.0,0.0,0.0,0.6656549243810721,1.6534242282038365
3,entropy0i,6.554460067811767,0.0,-0.0,-0.0,0.0,-0.0,0.0,5.424148324234848,0.0,-0.0,-0.0,-0.0,0.0,-0.0,-0.0,6.772993357632126,-0.0,0.0,-0.0,-0.0,0.0,-0.0,0.0,5.200294145490442,0.0,-0.0,6.032363713741996,-0.0,-0.0,-0.0,-0.0,0.0,0.0,-0.0,0.0,-0.0,6.6971170984315735,0.0,0.0,0.0,0.0,0.0,-0.0,5.314708454352909,-0.0,-0.0,0.0,0.0,0.0,7.161834695344742,0.0,0.0,0.0,0.0,0.0,-0.0,-0.0,0.0,-0.0,5.784698411331003,0.0,0.0567327246122857,0.0,-0.0,-0.0,5.556036506589792,-0.0,0.0,-0.0,0.0,0.0,0.0,-0.0,-0.0,0.0,0.0,5.8354483712236105,-0.0,6.800596824311518,0.0,0.0,-0.0,0.0,-0.0,-0.0,-0.0,6.653424607390474,-0.0,-0.0,-0.0,0.0,0.0,6.569231958952349,0.0,-0.0,-0.0,-0.0,0.0,-0.0,0.0,0.8641408926145143,2.1528181803203363
