,Feature Name,1,2,3,4,5,6,7,8,9,10,11,12,13,14,15,16,17,18,19,20,21,22,23,24,25,26,27,28,29,30,31,32,33,34,35,36,37,38,39,40,41,42,43,44,45,46,47,48,49,50,mean,std
56,hglre10b,-1.0564335389472916,-0.9179196140315192,-0.4781488363509254,-0.32699466233608676,-6.672340324744065,-7.4852977361813995,-3.4857184939704395,-7.021112145847167,-4.424014402989532,-0.7741899214883351,-0.7366043183497059,-7.322479658510534,-1.034085903387801,-0.4801320489172545,-0.4627179244427022,-7.656919739704652,-0.9553744457408647,-0.6874251465828968,-3.6645054528941294,-0.9446865602210398,-10.125126500516856,-1.0333762921311753,-5.9138916604238085,-0.4360934237629325,-0.5723955574664499,-0.4835842943201955,-0.91878009809962,-0.189045640064228,-0.6496921026686923,-8.963148040322276,-4.49758852386849,-7.96306025413287,-0.8472928641149037,-8.344348769331189,-0.605804873070865,-7.44415931260945,-3.7323966638698107,-9.513513741059016,-6.1532012313443465,-0.5917225809264725,-0.1187073500628376,-4.349944025522395,-9.090931963446101,-0.8119907885692685,-0.06330749740338296,-0.3632571391064239,-0.8494256076800917,-7.710607647351659,-5.485066915578367,-10.281404086856908,-3.493799326426388,3.3936803035707324
39,homogeneity110b,-0.22844663258960865,-0.11125759529967627,-0.06352192696859021,-0.5485291430263933,-9.89282702411228,-4.379617808969151,-1.3051698723643774,-2.3910971078528616,-12.60912198689692,-0.33807071785939447,-0.4329952396177545,-3.16931230785498,-0.15782263125362422,0.014804430820182596,-0.3828129692199822,-9.952972977489367,-0.2114104161078828,-0.2238878545322072,-7.0748514342717534,-0.34843677251998906,-4.519586486081322,-0.11622103786579517,-11.310317855410112,-0.33700546524907526,-0.26980807548255015,-0.48186167384345446,-0.15848843984878438,-0.0668022339364309,-0.14511728217230394,-10.713358523052735,-0.8511418121514668,-7.962110567652265,0.19074236127370536,-6.854445265545163,-0.09332750717265377,-0.9086814493700943,-0.5849275572631002,-8.473571790558369,-11.597851507197023,-0.10409527589079125,-0.11949202601516844,-0.3313263951393443,-11.723405697423319,-0.6235933824359706,-0.07234647178075564,-0.25481378049744496,-0.35387763543593775,-7.028007876635372,-2.870689758554563,-9.002310325247844,-3.0309039756324414,4.107137281971599
28,sphericity10b,-0.5877182441573475,-0.557493474510914,-0.7285407279495479,-0.8535270484158962,-3.3652876642954648,-5.612927785092943,-1.789015264254534,-1.989695019844074,-3.802787612308705,-0.6532130824987645,-0.46965509770339975,-3.602069620752177,-0.839263876423552,-0.815625275126347,-1.122663452565324,-5.310691394035138,-0.5261101909888105,-0.8962902987588134,-1.0408395642543193,-0.635250987442839,-4.046161375929902,-0.7010266185234372,-3.2279494877444885,-0.7635320956695798,-0.8102715090934783,-0.6329639601790542,-1.0338999536835354,-0.22809166503958295,-0.6913290658717743,-4.711930540286573,-2.460741128907107,-4.756322244353864,-0.9369944752200021,-2.8847714727919076,-0.6286337529480499,-2.35929065635904,-2.0258071895845005,-4.892885299247216,-3.3672213908432194,-0.7507196430383949,-0.3437422705717501,-1.9582268558545832,-3.3090619974244997,-0.5938687260770431,-0.27060773707789876,-0.6416446319367793,-0.6901532177205448,-1.856239706851255,-7.5724169196905535,-3.956115506820904,-1.9660257355343886,1.7279446395508047
36,dissimilarity10b,-0.6787606757837072,-0.9715600133286527,-0.9412924255451006,-0.5388885087321952,-3.9188012619751764,-5.535052810650742,-1.9236633026054897,-6.047836923121221,-5.092619921245301,-0.3283203912870084,-0.8600863388641851,-2.8898570947387556,-0.7346600170123534,-0.7987706456560104,-0.7639069929418854,-2.2218887735088053,-0.4935424377176405,-0.825129720537828,-5.954808258025562,-0.6120671524036475,-4.484173788204577,-0.6750676050393598,-4.911684620151014,-0.6822548826912804,-0.41647639912106416,-0.47532585586928144,-0.6285632780803431,-0.08316580539200429,-0.761832885923903,-2.681259172389986,-1.466879338220743,-3.657092113884479,-0.40504186928247005,-4.401854775964804,-0.8943856181117728,-6.075591723569593,-1.3948486101791662,-0.6938441577953316,-3.6002864289177414,-0.9812601460113084,-0.1598647984630876,-1.483835282125901,-5.233038991827186,-0.382800824572458,-0.06836316079578478,-0.827078050750035,-0.7720181908444368,-0.1612600063161269,-4.251252007024405,-2.5682824198302505,-1.9482039294606233,1.8775596409892095
43,idn10b,0.010676375878891477,-0.08723188931070007,0.0085827303373599,-0.05704152679104718,-6.886736782756886,-2.95715406383913,-1.2083584760568018,-5.204727667127394,-7.194596902396919,0.12670713270095735,-0.17951133609763878,-4.170364429550454,-0.07914525202066618,-0.08703867103314838,-0.015668058468918555,-2.135911693844449,-0.04410906279869635,-0.16354687304245946,-7.806966462952223,0.015266990537244951,-3.5246971203202064,-0.1515523930443605,-5.744998881831039,-0.07280467504424598,0.023521970240780454,-0.1899199036515059,0.03258981705454404,0.04383960434828409,-0.22313154275329622,-5.625073829740574,-0.06217920117659001,-6.330297630361772,-0.10950253174081881,-5.22027793611693,-0.21098745558575027,-3.3650785333550934,-0.5882377136935665,-4.07072033278621,-5.279647134561117,-0.10191960539191663,-0.011124418222863364,-1.2187191203556764,-3.4551178504071776,-0.06815649684003039,-0.011158861250990595,-0.2436587736166749,-0.10263828858841825,-4.188762122677423,-4.59486512472172,-2.980362819219196,-1.9152502964808928,2.440557084257526
42,idmn10b,0.010676375878891477,-0.08723188931070007,0.0085827303373599,-0.05704152679104718,-6.886736782756886,-2.95715406383913,-1.2083584760568018,-5.204727667127394,-7.194596902396919,0.12670713270095735,-0.17951133609763878,-4.170364429550454,-0.07914525202066618,-0.08703867103314838,-0.015668058468918555,-2.135911693844449,-0.04410906279869635,-0.16354687304245946,-7.806966462952223,0.015266990537244951,-3.5246971203202064,-0.1515523930443605,-5.744998881831039,-0.07280467504424598,0.023521970240780454,-0.1899199036515059,0.03258981705454404,0.04383960434828409,-0.22313154275329622,-5.625073829740574,-0.06217920117659001,-6.330297630361772,-0.10950253174081881,-5.22027793611693,-0.21098745558575027,-3.3650785333550934,-0.5882377136935665,-4.07072033278621,-5.279647134561117,-0.10191960539191663,-0.011124418222863364,-1.2187191203556764,-3.4551178504071776,-0.06815649684003039,-0.011158861250990595,-0.2436587736166749,-0.10263828858841825,-4.188762122677423,-4.59486512472172,-2.980362819219196,-1.9152502964808928,2.440557084257526
29,autocorrelation10b,-0.2575876524203162,0.10741741081348107,-0.21597782123129605,-0.28604028542775056,-5.24974383916442,-2.2963237903089837,-1.7409817364016031,-2.8992627593645404,-4.103048122426859,-0.03445887631791422,-0.3054008541805592,-1.841366441091372,-0.44228050484228937,-0.36145993420697115,-0.055245278212420146,-0.31949425297389944,-0.020012805345579768,-0.32617230528651375,-3.4989781418962007,-0.08357959389283315,-3.213714060843126,-0.18031144535007348,-5.442898155808111,-0.23342631622966276,-0.591121434178886,-0.047949993796156304,-0.1422684056659783,-0.05225149384329472,-0.10212934051249266,-4.771907625669865,-1.1448135281640661,-4.558544817991383,-0.15884096913629675,-3.7749228518664077,-0.1994371403046262,-2.516108770315118,-1.352360039569127,-4.14170333665027,-3.4712667329418334,-0.23378171733344066,-0.08079124290072491,-0.48742500155206064,-5.594970095443008,-0.34056774091523084,0.0031164850726163994,-0.009915636354307426,-0.02307380830195537,-5.111479911453307,-3.303892252131046,-3.429716574040911,-1.57876943076738,1.8463413747156474
20,volumemm310b,0.04756016152926189,-0.3240296521477789,-0.2139380616300799,-0.34261142420633983,-3.9052671894535385,-2.04483224996826,-1.804292687773106,-1.703752526986805,-5.90962155593409,-0.14277788155582485,-0.051660095057829196,-3.274705900778138,-0.21623938531498485,-0.2525861547568511,-0.27691645266178866,-2.209668910833854,-0.3546300353505544,-0.18656490481616328,-5.009004774435268,0.03912070336250914,-2.7232655427618773,-0.034707103526554726,-6.196675684288168,-0.37548010318692193,0.10717870254139347,-0.2587253527244261,-0.23280857376888342,0.006227731912059359,-0.10679549620969414,-2.3245958990114692,-2.2563276276875044,-2.859942416081796,-0.2165427349518092,-4.2569642750428125,-0.1544990436885919,-5.601871697066072,-0.9088827160884703,-1.9538792966383525,-3.6753660628403946,-0.49901808504810985,0.07604387708143834,-1.338309029772998,-3.0644577512084634,-0.03538034882013699,0.08785047214005177,-0.15109142735508477,-0.2664584912595199,-3.5805438085460604,-2.4281531170556048,-2.2018197546068814,-1.511233592686624,1.7621963717600486
21,volumecc10b,0.04756026942294395,-0.3240294355406588,-0.21393795352639144,-0.34261120800191863,-3.9052455700637854,-2.044826855129486,-1.8042905217515584,-1.7037471517804528,-5.909599931341465,-0.14277766535834105,-0.051659879265354536,-3.274695070870318,-0.2162391691149525,-0.25258604665182066,-0.2769163445559096,-2.2096527264562424,-0.3546298187423711,-0.18656479671342768,-5.008988559821687,0.03912081145741059,-2.723261737800924,-0.03470688692946941,-6.196654064819721,-0.3754799950776225,0.10717891873019197,-0.2587251369247659,-0.2328084654628715,0.006227753531095285,-0.10679528001346499,-2.3245850893036124,-2.2563265486556308,-2.8599315861880905,-0.2165425187517671,-4.2569534652685075,-0.1544988274907112,-5.601860907337025,-0.9088816330775251,-1.9538630821308454,-3.6753579554920046,-0.49901786883825766,0.07604388786833169,-1.3383082026046038,-3.0644415366625717,-0.035380132626380345,0.08785049375625419,-0.1510913194545062,-0.26645827465439603,-3.580532998794909,-2.4281314974547388,-2.2018143497171163,-1.511228518629039,1.7621903356050315
15,variance10b,-0.5514265767759671,-1.0788099129671618,-1.1593231265936865,-0.8257209563419672,-1.8402012000929229,-1.4927525172046991,-1.7409517045300673,-2.715917825725169,-2.8381868953446796,-0.830342980211566,-0.749414301061267,-0.8152200717857108,-0.9396430949080475,-1.1089053437442786,-1.058839596708867,-1.8348776237265658,-0.7563099449193863,-0.8610714324606301,-3.9613350752855716,-0.8132576918900711,-2.0586946116784715,-0.8865687737382263,-2.359128123415142,-0.9253552349178189,-0.8571857446005418,-1.1026810048983524,-1.1758851899775369,-0.3269177879176696,-0.7224920004004997,-2.285168918038269,-1.8009888533616298,-2.798651447617699,-1.3001304383810082,-2.64765577039658,-1.078181907196851,-1.8937349964129337,-1.3685224460126373,-3.6526026416409554,-1.5261433072250377,-0.8226450788317154,-0.2931359253818466,-1.286268604552249,-1.8358509759482295,-0.7862305224968944,-0.44145806647036706,-0.9266245770724177,-1.076827999606894,-2.4381887222709664,-2.475402688628349,-1.6847056968372605,-1.4561307185640666,0.8242136974131448
24,compactness110b,-0.8730483158793346,-0.4625413434482206,-0.4706261015478974,-0.3744381172539193,-3.1599487529050996,-3.7360443085997277,0.07724425262976235,-2.7641570075524733,-3.8455912107617762,-0.2757876971171568,-1.034529343651282,-2.2295832457336524,-0.5102753185644133,-0.40050821250752733,-0.4358290246358194,-3.542671849142064,-0.2939600884781757,-0.22280550142520683,-5.856779876186263,-0.5722635840996069,-2.6234977086204836,-0.7882748341742278,-6.022035754283898,-0.12088508721885668,-0.6011330559439381,-0.9106929268801905,-0.4219551461322152,-0.04435219071078854,-0.5575970789117833,-1.2307173640265503,-1.5700346816974362,-4.78791180569013,-0.7510794209749743,0.33524194799163015,-0.5392555835539353,-0.4622353612861262,-0.09491948596525969,-4.23719454604951,-4.26081080927573,-0.44700671192169594,0.10378460062946701,-0.9334557295451295,-0.19483645263117055,-1.1098667558206272,0.04446591109588905,-0.8847198983028617,-0.32661319087404606,-4.2669663820682855,-4.188519112394864,0.47512852335944816,-1.4480418147747627,1.7076645369737522
49,varianceglcm10b,-0.2715948227052631,0.04835934486734213,-0.24292107230728122,-0.3273427329046211,-4.600487580475821,-1.8699962810342454,-1.4845872504070112,-2.2545017063582584,-3.616183865874951,-0.0949596081645204,-0.3092253875612561,-1.6209342192485878,-0.42656667688911065,-0.2911647592696437,-0.15926625975449105,-0.13607228422417392,-0.08123975096030502,-0.3103082878082412,-2.795063535384642,-0.12803632755771066,-2.8346909990408204,-0.20653109108430484,-4.522001121603488,-0.27663522958737585,-0.5027190950108987,-0.10304609709290675,-0.17126528031708108,-0.054647625855373104,-0.14417396089957007,-4.332130266729699,-1.117464480564027,-3.843220614482523,-0.13037502890205976,-3.307107441613251,-0.1895582985240021,-2.00154184509643,-1.1821188774871851,-3.58640401790825,-2.921726224505542,-0.22902414830068735,-0.0842737404388431,-0.376413216954899,-5.0266819478573215,-0.35145801699429835,-0.010779680961215586,-0.02081272749208866,-0.06104269984149973,-4.640791253597082,-2.8034682453185797,-2.9176762700017314,-1.3784374521617166,1.5889688904674621
31,clustershade10b,-0.39864257088575933,-0.18133251686486004,-0.262031230930242,-0.19636313352045615,-1.1462371876305406,-2.452804316392169,-1.161795032557914,-2.0930271934321785,-4.9442293269239626,-0.26218467309196314,-0.40563669142080394,-3.011237860394822,-0.44429010028915583,-0.549520910649012,-0.12103463273568982,-3.6555430109065665,-0.3686795744798279,-0.17127599757181075,-0.699295676550334,-0.4328388077326882,-1.9119085459890643,-0.4824877848623519,-3.7710617451037374,-0.26536437861860335,-0.42048976418161005,-0.48378193131645647,-0.4197633591269687,-0.08257006078490776,-0.2627380988874182,-2.0007656582840037,-0.9273038537753308,-2.236028404642153,-0.41944133165426584,-3.0571912769447356,-0.32106803546787516,-2.983971816077034,-0.6806586353551217,-2.4496982391634603,-4.6208723510623715,-0.3384530911970649,-0.0809634480378279,-2.249659249584501,-1.8840932595127,-0.40606338541895276,-0.17114271430886593,-0.45021025164610484,-0.26105993138885597,-1.248205578896393,-3.0186590377313385,-2.7010601577988145,-1.2712947164355928,1.2901896069265157
7,medianintensity10b,-0.3529893120184902,0.0522093738283458,-0.9659131826508297,-0.6736967978022745,-2.692059477938372,-1.0076481785844744,-1.2278106725010371,-1.6876352121633076,-2.45103200457433,-0.491565527823688,-0.3122171704381144,-2.028479798298007,-0.5879410047641329,-0.9241129689876979,-0.973134935244394,-2.3017922200203578,-0.6206931855389484,-0.5371131756548054,-1.3679733562818974,-0.1437320572555666,-0.42097488530211136,-0.5159589327938939,-3.1220056759677703,-0.6017822935018764,-0.6766702978279246,-0.45522999613424003,-0.6542734791299716,-0.01891927999637422,-0.4210274390889212,-1.927661254001194,-1.2651874129833547,-2.453890916740262,-0.49799140817072507,-1.4505753764939513,-0.6332741887444098,-2.5628521824429984,-2.1002518213083845,-1.8902859809642243,-0.7217530899872919,-0.42317162692927957,-0.000284307707170107,-2.7141732076192353,-1.050535230753983,-0.35207958040740284,-0.11357083456806359,-0.390959299180276,-0.6280396017483925,-1.9251052325057358,-2.8844463348293488,-2.3403394452560846,-1.1301720295559445,0.8782351111818096
22,surfaceareamm210b,0.16110697799469006,0.0026743646463596184,0.19195577258134278,0.14512234866090268,-1.4162706068231765,-5.432529777393998,-1.099124418577085,-3.7648603382220824,-1.5486620977480028,-0.026762419690628245,0.15502754437331745,-2.423815521637141,0.38428707889687425,-0.007363413358315377,0.288014476420129,-3.9979033992256627,-0.20261293696492588,0.10479662660726553,-0.8482834805089687,0.5759586456452902,-2.28682394072836,0.4165279268369484,-2.0626650531492823,-0.06669495825235296,0.23799631940355992,0.06705150265387218,0.26578075036270554,0.13765808677311978,0.22971334258714735,-2.402866690328339,-0.252549484309444,-3.918626548245932,0.5306135020282986,-2.7882285280697343,0.14275263212664166,-2.190224191925629,-2.2860224419438597,-4.752531139118964,0.746741341152487,-0.30074068829157247,0.19589568328616802,-2.829725200782668,-3.364176588632054,0.41739906150948114,0.17851013735249388,0.009205268863000627,0.052494719155227736,-2.7559790037761833,-6.409498995306076,-0.3447748468037841,-1.082860651997938,1.759153373997348
2,energy10b,0.5105065380135273,0.9861788278197486,0.3905657796001084,0.5165303143239627,-4.582330363331274,-4.024601941799434,-0.7850979171564636,-2.631080199978062,-2.7388420418101176,0.1502566219438178,0.8120136307360077,-1.625110125815367,0.45634647647973864,0.3497124803741146,0.36329006604308944,-3.772929830059155,0.5733409236287332,1.1047217419792013,-3.658152992908126,-0.088555871597336,-2.4088786700043143,0.24767035982832183,-5.8803092360536136,0.28055068128443994,0.6294264320378945,0.20709566739256566,0.6356545691742805,0.21950473482334837,0.876110665859582,-1.5667296033416647,-1.0850686073202012,-4.105278789479103,0.8755637696253467,-1.9889551381895074,0.30562212327546523,-1.2186335194136768,-1.1677928535748328,-3.961639312120698,-3.485575751868029,0.6795922825792726,0.1375496770002357,-0.26999758040538074,-3.3429586844764883,0.4606160166750105,0.021491761243615813,1.305864679496714,-0.03149404306248342,-3.602198967141835,-4.332295469222781,-0.59955419580631,-0.9971656976939621,1.9029243106668343
10,rootmeansquare10b,-0.6712512370403559,-0.6301541050314521,-0.8993023571873758,-0.5507754610320797,-4.754249693473739,-1.5370481767523383,-1.3606676388466756,-0.31018512956188027,-0.7716552684892979,-0.5027867521882404,-0.7402763513970451,-0.5977284248795388,-0.47730769478657814,-0.6066144221931425,-0.8873608985403009,-1.563405785290371,-0.3880438885762774,-0.7782473446975691,0.8619883909106246,-0.41171675215968706,0.04367128545566579,-0.5758068426235707,-2.215269633273508,-0.7169385337732493,-0.8606983465567991,-0.5553364136048974,-0.8781749718386418,-0.29439696178318386,-0.5841754733864628,-0.09035671687415503,-0.431215663443566,-1.6529191225541473,-0.3155280148047723,-2.5477337226722128,-0.7647838661813428,-2.969620550326546,-1.8922330907759666,-0.09735985151148396,-1.177405850989182,-0.5570941834630764,-0.3312749869789108,-1.8642488936267398,-0.9921906528898962,-0.658323584495662,-0.17293296003868044,-0.6537075922187593,-0.7625960605305531,-0.9398150971332984,-0.4160096642787612,-2.551059574773099,-0.9210464916631755,0.8890716770357067
27,sphericaldisproportion10b,-0.8892198996273462,-0.6946243059697846,-0.9192692889205398,-0.9035287984940896,-1.1593312347999853,-0.8894774986948303,-1.0965716255329336,-2.0311616614043313,-0.11430366121162527,-0.550202640786443,-0.7200307499874842,-0.8486631652462008,-0.6457964381244419,-0.7599674493450412,-1.1219799686467626,-2.111090942790035,-0.4838517104729324,-0.8825549363383729,-0.9585543995919223,-0.7230214694625385,-0.14439284356889906,-0.9248967876361934,-0.4021460934531971,-0.49076223377000355,-0.8563322635496589,-0.4977241527398974,-0.9471064769049938,-0.3728046992647441,-0.8148387473216719,-0.7954964671837457,-1.383218426109036,-0.19775383864711288,-0.8108957803619288,-2.372913947429204,-0.7784309258799322,-1.9105016269268988,-1.9434514052624514,-0.5399096233370082,-0.3515928338509056,-0.4600612623970342,-0.30507688045367404,-1.2010681200010305,-2.794417536395568,-0.8180597366860223,-0.30699817662011625,-1.1714485465591873,-0.6923494860355551,-0.564798124174917,-0.10444461419810458,-0.916085645454732,-0.8874635829524213,0.572001515702377
51,lre10b,-0.16365029693233324,-0.6174961910604706,-0.31314008444964614,-0.28366958249819635,-1.2918924362670685,-1.269911669456368,-0.5232044885125985,-0.6378257324831476,-0.9157991344053302,-0.7719869305799326,-0.5403617432959622,-1.3347737005545115,-0.052031046206590825,-0.2215325129946542,-0.2909171419351167,-0.7475762505330998,-0.5905913924522403,-0.2568090036034213,-0.010178432589695086,-0.9612605566164814,-2.108516023438439,-0.24693428705446824,-1.0388436132449788,-0.5809684779663506,-0.26688815392400494,-0.504052871770449,-0.10301528932292682,-0.31644248386326046,-0.4645864868136636,-1.4596539704955438,-0.5552687976170373,-1.220350543479459,-0.2043701958536709,-1.2632381269353916,-0.6210499126702055,-1.387767658165627,-0.17504323115495765,-1.0948821400698923,-0.2643560913991599,-0.228295127684866,-0.19966852701228105,-1.0372967002968962,-1.2554081392226044,-0.036603682219949196,-0.2929338784316826,-1.346737827679418,-0.2835055321778297,-0.4497459136493691,-1.5540078686719363,-0.9369480506340795,-0.6658397586069452,0.4877803952753201
14,kurtosis10b,-0.45478015120414944,-0.5638112102230403,-0.7681311024324212,-0.5138669110455809,-0.9746718348698791,-0.7104802610805475,-0.8777513972835668,-0.8584368666702266,-0.8278942926491768,-0.5303929514052268,-0.46058136401926064,-0.46577748603826274,-0.5868105529694504,-0.29533050474351114,-0.5429528623369537,-0.8578822956396781,-0.3980449680678298,-0.6574194676775021,-0.6711308009460348,-0.24728051957220404,-0.9580911767726462,-0.3756744231891879,-0.21738644385679984,-0.6816121032821221,-0.6871879983275564,-0.5901538971968971,-0.2235756391762345,-0.15692190317013582,-0.5901489125920119,-1.3196049122856108,-0.8178988888441207,-0.544693095823175,-0.46319237700019045,-1.6745483270379484,-0.34751967194982514,-1.1469918857663848,-0.7695290294515951,-1.0747088740456212,-1.0404372618544022,-0.4938611757726734,-0.2051108870412838,-0.607440410608251,-0.9121550638378955,-0.5308426434437787,-0.24283339382162672,-0.5752968167715772,-0.5760091620048795,-0.642508122082382,-1.473898907258944,-0.7698836354574842,-0.6594628968119548,0.317210767340966
54,rp10b,-0.6920627317555421,-0.49253467869890316,-0.6867718907149604,-0.5898999094119726,-0.7082071896893358,-0.9228028864138693,-0.7766863530137014,-0.8650497188776666,-0.43005437083173154,-0.2597893060933667,-0.6261345758833265,-0.9308287400605916,-0.49048201444313566,-0.7458841806764256,-0.649944254673205,-0.8697153644844255,-0.7604273853058084,-0.663548390572073,-0.10522934925880977,-0.6015374242388674,-0.7906438761291987,-0.7240527632183189,-0.7432425736540915,-0.3834927028043121,-0.7300856796875257,-0.5609519361627733,-0.6241653273209323,-0.266715867372841,-0.619697566702308,-1.102133857442414,-0.9651910244725955,-0.7618786797514531,-0.5561627443228455,-0.8085724539778977,-0.7032881837646129,-0.5849641352161221,-0.9138345347753523,-0.9653750947883909,-1.0945020384374524,-0.2610294929923495,-0.2771410408648497,-0.44645039245414403,-0.9552636736741656,-0.5610750938280944,-0.35511830246266024,-0.3606936532980867,-0.6097749017174154,-0.5628118546855151,-0.8144631786789203,-0.83556102103348,-0.6561184872157767,0.2240640587837301
26,maximum3ddiameter10b,-0.5733362528001051,-0.4830923514389716,-0.8223383067857908,-0.3266150973231672,-0.6468665800194291,-0.7908486773959662,-0.3375564466217403,-0.7009941364050549,-1.4559206536718907,-0.2795212584528498,-0.4051549930008893,-0.8666446148825191,-0.9202015880927563,-0.3669619954058718,-0.6482579628313059,-0.8500365843354358,-0.6030673612491324,-0.4054759697353672,-1.1300900467077422,-0.48385865106080184,-0.5946170248338184,-0.7915153405469976,-1.3711689155689673,-0.04164610865067253,-0.4915107056445275,-0.42814776066304727,-0.7933278889789381,-0.14376244767335813,-0.585473457943275,-0.6825903193887886,-1.0461032261665104,-0.7903479598902159,-0.7662803178601962,-0.9033179084438503,-0.37065463664253473,-1.0806344095218583,-0.8980305957450754,-0.6057277195432258,-0.7243211430714704,-0.3413716115038218,-0.29477019748808103,0.059387623935302634,-1.1819965097906286,-0.49123944722121904,-0.0889698512207516,-0.4714068444469095,-0.41933319399903884,-0.9769657122141355,-0.830292758546074,-0.6416118836505875,-0.6376917560228013,0.3198761147135397
45,maximumprobability10b,-0.5819514796691173,-0.4470272046948703,-0.3098245749281424,0.16851447164417402,0.06232841519582222,0.8231478482710198,-1.0109661935485283,0.5094289870078657,-1.9121498970068909,-0.1483577537630785,0.10673054687724876,-0.8664870761107791,-0.18163088599847474,-0.7112689897983006,-0.3256097900298657,-1.4459229081325224,-0.6295921809415218,-0.2790844971193083,-0.5218238686359014,0.2325432047999503,-1.2768252167420346,-0.23346971646874787,-0.49257221012271957,-0.06500192615241818,-0.37361682578606714,-0.46435843892502193,0.04697492940464251,-0.18003069109159547,0.012167773645908235,-0.5090189779350135,-0.8456276363104022,-0.4062856471160463,-0.6341660713066465,-0.7548429307062443,-0.406083812844393,-0.4049974532736478,-0.7470288723099857,-2.0605294313454547,-0.6270638314633734,-0.09603497126812868,-0.1634489040428068,-0.8908207933748801,-1.0410727046420254,-0.4038698915746246,-0.05911795914028436,0.10392588351744078,-0.5626708336260433,-1.3682509249455526,0.35272880132528306,-1.9319042882859454,-0.47903834798976097,0.5869196417289313
44,inversevariance10b,-0.8211740211898839,-0.8662746756807915,-0.88249036904765,-0.4851432025322955,0.335379385723389,-0.30690726408289865,-0.878601151360041,-0.7958980057740037,0.9135465029873623,-0.8134370006751461,-0.8597712267866556,0.36670137773114553,-0.5047896594817166,-0.7480816584003972,-0.8329595754148696,3.5067532127019168,-0.3417312143281611,-0.9505410006165513,-0.836373921332865,-0.5033580645229779,-0.1578011950223667,-0.8876315789689098,0.6832887955676236,-0.8522962832825102,-0.5452434002018082,-0.6400693185887515,-0.5717038263230253,-0.34750923182593374,-0.8967206566338526,0.5207262353849452,-1.2218224685056276,0.9830826223386329,-0.8388740296616485,-0.7703167050583462,-0.04355438885209817,-0.7760104082728544,-1.64566262781705,1.3452689986422532,1.4431170362311976,-0.5232007324107517,-0.394483433861801,-1.8286922880729128,-0.17374944540256623,-0.03047206304268521,-0.3452198361943997,-0.5476596249356663,-0.6811513714337354,-0.2737722892939222,-1.5116304800055342,0.839223965968019,-0.33991383123238367,0.8873726341332263
17,laa950perc10b,-0.1516819336096013,-0.3355413715959227,-0.23544362927593973,-0.2988821655651207,-0.8732627177167163,-0.1785346157903976,-0.04346808201890752,-0.3803496819441763,0.043877844391201126,-0.7823245823249486,-0.2232144985701126,-0.6138657224487752,-0.15535279183948034,-0.4509565537159145,-0.11360439441549475,-0.5062278694896183,-0.5913165225769402,-0.11974857227373366,-0.05270124210537708,-0.31139459998436403,-0.7010644806538108,-0.24296257662226553,-0.19846909557979897,-0.08349264953795432,-0.058545182553597974,-0.21928655401945668,-0.08115907794837687,0.0023027857711962873,-0.1361479232653945,-0.4960130055489915,-0.23262103242909102,-0.3375187935002731,-0.609648821648396,-0.3652718940818305,-0.1451812223665414,-0.23472522488271444,-0.10978628671722614,-0.602667484670112,-0.4057021899332144,-0.3527470172102355,0.059312991224912695,-0.7049853423332486,-0.19677359609688116,-0.10601701853460066,-0.0924965855052465,-0.15644661931081366,-0.2376381317768396,0.004474892050458701,-0.8769967904629428,-0.6166379853026471,-0.2981781123263255,0.2408069844370458
63,extrudedsurfacevolumeratio10b,-0.17389198799395542,-0.1395972775515129,-0.2152792792284955,-0.22678932718489647,-0.06461127280995127,-0.7553907679691424,-0.3862102788327377,-0.7499824284583079,-0.12965818093438086,-0.275792268500584,-0.3058558616719571,0.18131605281647023,-0.21000534715120234,-0.25209831133905186,-0.01178012134999401,-0.10847934980151143,-0.10798879518339849,-0.23110761891506956,-1.043800686840758,-0.16195732553947778,-0.17445891831973753,-0.18994206516486806,-0.5893931868723814,-0.30177061742540584,-0.1705594038706793,-0.5094795672125473,0.07270531163651522,-0.12880877509628244,-0.0695222110886776,0.004539689022170723,-0.04011858647445994,-0.4944999002807007,-0.24625531083337948,-0.5778624542835311,0.17167328575800112,-0.6059408711272963,-0.40840206867784196,-0.4721502198705804,-0.03916118968925686,-0.15082056008780964,-0.002783162230565527,-0.4231411582644603,-0.5340316859507409,-0.31682122245400884,-0.14659551716356245,-0.3849869526945948,-0.10232635236769116,-0.7921682612848622,-0.4281508435548633,-0.26872914523641156,-0.2737784471120085,0.2492158878486342
1,graylevels10b,-0.3460426027974416,-0.08313454456739706,-0.13294547865802397,-0.48419165880950044,-0.27750514138412674,0.039336396008260534,-0.3874976255657808,-0.05169903384396046,-0.8308517759932399,-0.39198518879434785,-0.08775618064383087,-0.01613733633969148,-0.15247398699341674,-0.4619639119134752,-0.034071350932750044,-0.1190907252097776,-0.02305730378958145,-0.10443773780471072,-0.7534094886602435,-0.06951510445859566,-0.28205577929769104,-0.06527107395435384,0.10052648637250039,-0.33472057119503706,-0.26729164268935857,-0.398634245191797,-0.27440944939551054,0.0332552076038744,-0.026477251028729932,-0.6624631527990927,-0.0812892590878637,-0.8333306734923318,-0.009079823004012666,-1.0673957008824437,0.35839309991279167,-0.7729637186614707,-0.39870347402090245,-0.1525249028035135,0.4218510304296811,-0.4863385768517158,0.047038997040072236,-1.3752342801393602,0.42400289461852736,-0.1645187518749136,0.12962933640772012,-0.742223454638665,-0.04444025160250155,-0.8031515183144797,-0.48784963564502126,-0.25388473064200023,-0.2647596929195846,0.36127498643741723
23,surfacevolumeratio10b,0.12426935905515916,0.0017172950324484595,-0.024307007463834962,-0.15086359899941568,-1.108640252421446,-0.9134091685247959,0.6694570208124776,0.7628657182711887,-2.338244354491147,0.10550766512350987,0.07930563989784965,-1.1809893043622357,-0.16533475118723984,0.3478787456983612,0.05470843894539242,-0.8584737048168097,-0.26151838359726604,0.2804480860917689,-1.7034558999746543,0.09125075864228535,-1.397910207140609,-0.07751835850132222,-3.0174428042330192,0.25261603960618034,0.29527889148343744,-0.14382886757331537,0.23261265700575767,-0.19006317857852303,0.08270807658675931,-0.25748247735079943,-0.2607635050624868,-2.3371130720908075,0.21831531382166808,1.962265960693057,-0.15660853891204535,1.0657464621530277,1.3165028596384334,-1.6243658999227413,-2.2456945582014303,-0.13567322701629117,-0.18804743004952243,0.43492063011734244,2.353950604197122,-0.03807120817892482,-0.17061471916177465,0.5549348027897155,-0.12512403357512097,-1.6057779870688944,-2.300678902064866,0.5346895376728511,-0.26312129674371093,1.0601421340839394
65,informationdimension10b,-0.1458956880258746,-0.16419182674001298,-0.2277905634094739,-0.17379278977032864,-0.3951558116540008,-0.3429384661093711,0.03349703768485196,-0.2632999463339769,-0.2862039911131342,-0.1812522087711671,-0.11585860725428339,-0.447182777989792,-0.18385179178988065,-0.232017827980237,-0.15334523730613303,-0.1859015354446598,-0.1898919233938824,-0.10626807321130845,-0.20126018275968138,-0.2090513317072451,-0.2153495132276452,-0.04579221527105697,-0.47150909282459796,-0.09203659293846722,-0.13300252446047273,-0.005305759597076061,-0.10498141471200051,-0.2211808691491141,-0.2533015841191581,-0.1381123172606289,-0.16334996760769938,-0.2629929870349532,-0.2971023408185286,-0.23054513921207986,-0.23758434229788059,-0.3084012380969857,-0.2508461899938779,-0.050288571388248215,-0.340557590338032,-0.2309130287891763,-0.12863269336619418,-0.20743413784662346,-0.13946622264715347,-0.16187979518586842,-0.2430442558866627,-0.22149433058870638,-0.11476912023529577,-0.14269828420361508,-0.22044444138967467,-0.1655475231088528,-0.19940435253351838,0.09782669546661685
52,gln10b,-0.7715179800387368,-0.11806418295359593,-0.8047162705555923,0.012783446567873336,1.000732555781602,0.4172201942356891,0.4539480022153468,0.03917757448699477,0.4775322633506025,-0.8468605164963161,-0.45848839541785374,-1.5214596508088536,-0.2058787445765604,-0.8053849749300841,-0.19385915872830917,0.4652686163808702,0.01832704897630396,-0.5253655162826987,-0.4055821804798034,-0.30299163893531955,-0.37478008036372734,-0.7910978680597693,1.027755829141049,-0.2580948381130368,-0.47595388494337304,-0.11577381906036148,-0.6057281317731829,-0.053409762563538986,-0.1409954330919972,0.6759796964977258,-0.891149975133086,0.4347932834929376,-0.29384709062261327,0.10928247503221244,-0.5775746112960568,0.5754137421898842,-0.6621821585199623,0.16518324955229857,1.22644715814769,0.40264580941957523,0.06390883320419674,-1.2257677598413306,0.3208709659188261,0.26871886988887833,-0.1317467082101945,-0.21695362888977865,-0.1422869957103432,-0.4989514102572953,0.8418059522193413,-0.4982031118206903,-0.11833741823548329,0.5781702661668944
18,laa910perc10b,-0.0465636452770307,-0.28614580925755073,0.11907236483425478,0.12065055877942532,-0.185317204512085,0.06660056215451349,-0.07711447912487995,0.018317119595161913,-0.6146997070653804,0.18959481535169975,-0.05081677486899592,0.31511796412911836,-0.16991154039976256,-0.255148195891697,-0.15550705655158015,-0.414807412566249,-0.16438130538717755,0.056634723699490866,-0.14436592917643853,-0.03237648570733187,0.14771277019876455,0.04557205940556629,-0.24342507669195967,-0.14529009226191159,-0.1592949940989148,-0.11128182680645313,-0.12666129730754927,-0.028012848051133587,-0.11038904364718331,0.07687220712030651,0.2578239099805223,-0.10871124379743745,-0.13623544752094452,-0.16322221762229638,0.05997965137351491,0.011027769742525105,-0.3171385687571034,-0.2487514694082255,0.19525171208652292,-0.1819207485674501,-0.1281729785384076,0.003579245517975402,0.006182183408490083,-0.13617770312252198,0.21278094639824632,-0.13050018455210907,-0.12341138664296393,0.040604532637567914,0.029848772598160878,0.04575312893342165,-0.0635355135047095,0.17140856626919065
59,lrlgle10b,-0.2923768626322507,0.12536378395500208,0.023049047655790744,-0.04174484787873131,0.09819404314223323,-0.2914022900103348,0.31819437351135854,-0.3970371577942067,-0.022129022621668604,-0.09170473691914849,-0.22552026554465848,-0.3195609667419261,-0.1564773277103788,0.2223825819295694,0.21324416568368432,0.5231590163453199,-0.05006372137284291,-0.046664726530166484,-0.3779291026461442,-0.15098506432432243,0.10752010047944999,-0.05917602579054088,-0.22340844018151085,-0.03731239436506947,-0.10350280581971805,-0.15417572134971877,-0.45170819285520264,-0.12543657739489092,-0.015379920669264103,0.3496528249522628,-0.08439222494585998,0.2309973209909454,-0.18733530213162722,0.2245460470496803,-0.0802731508267448,-0.13201260604681558,-0.2675344713734103,0.11604426101648502,-0.5110188158481981,0.3181553738600986,-0.12929128536605197,-0.13118644113197636,0.038387918959377876,0.20550883023789346,-0.033601434154395524,-0.26301561042974997,0.1433558995128496,-0.11411333788462263,-0.15461515713464546,0.14966283658576396,-0.046293351651180564,0.21740595995396286
64,boxcountingdimension10b,-0.052708754443078404,-0.2154549938819552,-0.012582606741347702,-0.007830063723317418,0.0848085114603378,0.03642512322181034,-0.0763511307373066,0.0255173363899259,0.0009572170851752104,-0.14889343286926054,-0.017212122243260974,-0.06816056459179018,-0.045316911136501214,0.04095619798765325,-0.014790059624605237,0.02485905629264175,-0.07834766058940712,-0.07876567138316794,0.02982047267241801,-0.08410614390597439,-0.06573603195450897,-0.0014267111300118342,-0.04466905507768809,0.07633249558916032,-0.04454890668397961,-0.011797198117675252,-0.06727764770263173,-0.061275742717457525,-0.09484155984060447,-0.06680474700478106,0.14073480308513397,-0.014055606239624159,-0.1702430933426089,0.04683553348479694,-0.10701773464533566,-0.3107911506588804,-0.03399673644379586,0.01547621104316188,0.0008811602673177293,0.01965246419614944,-0.07252746927236968,0.11489569124057604,-0.05821879003853207,-0.03862962236173274,-0.06480287788213977,-0.11193001514359854,0.00802646958260819,-0.09428789392935502,0.10984031393952604,-0.00971072471233339,-0.033381807464644496,0.07986056957068247
16,uniformity10b,0.6783738212425436,0.19853844102944426,-0.22521422180944625,0.40552155618199315,-0.9176975659686111,-0.12768454189526937,-0.5406804795026953,1.2794170372795994,-1.6236077198123073,0.511413501057946,0.0718409125724139,3.397731320883795,0.07403783397569108,-0.1593521585929979,0.37714157125811765,-2.9481931460970063,-0.0935325193555244,-0.027697337513678585,0.6040390140264091,0.45041777454671683,0.10137269916833583,0.1176564977131232,-0.030487765189919358,0.12417186091413224,0.053050634513251316,0.6048911265030928,0.2223335958690331,0.15953919017420393,-0.3011593600108309,-0.007375462907903696,-0.2503367287727147,-0.5894924527187538,0.0296438924187733,-0.04169629563159649,0.5218263895575418,0.5827866200611128,-0.3214710718889345,-0.8946085028402216,-0.7322143045084846,-0.0015989520018203085,0.2088810836067186,-0.6539959374292258,-1.5717737153077098,0.11587580344511383,0.049081022471552424,0.1981738780323095,0.4213021385273715,-0.06862342819371126,-0.16681885282481979,-0.5818208044802526,-0.026361482164481986,0.8239194430413395
19,laa856perc10b,0.09121592844026326,0.22277825388098257,-0.2440272148408096,-0.30548080230020513,0.07091296672481029,0.20498020909266282,0.39192403918991403,-0.3008162522539921,0.15338682394778935,-0.2701416026259411,0.08511709296099655,-0.24682478570002492,-0.1843256080468118,-0.474355717320333,-0.06159958680765809,0.34933672270931265,-0.4039938195120523,-0.01861634375527987,0.0008986309126624015,0.22635252827526264,-0.33747506401079935,-0.13637324379235338,-0.025903979142862354,0.06158892518773451,0.20524118779513056,-0.08652130477048338,0.06259569844044162,0.029371471528410492,0.03919674316450606,-0.237256348750984,-0.19908400827508177,0.3021392731891611,-0.5404344779394763,0.2591413982842452,-0.03176793423689228,-0.11442694762738231,0.201389540353179,0.034032088707991015,-0.21721271293075572,0.022457712285861686,0.15293997825339933,-0.30040859859319796,0.1770725630128891,0.045993940697065305,-0.14555245026331687,-0.023379788334992116,-0.06578550535714434,0.18888773796062264,0.09036096581767161,0.18534359321741345,-0.02234216166316902,0.21612342963496886
55,lglre10b,-0.10916403737655574,0.06106727392125132,0.07949948102667709,-0.06003336073709287,-3.0374232080078336,-2.3178017141659595,-0.7918954173570601,0.18681330207438596,2.821057930793412,0.012566330288401095,0.09097336310251246,-0.3064923964009335,-0.013130211573135374,0.07711969529121682,-0.1326496823250498,-0.3196621683045646,-0.21757098501215621,0.09994411852753474,-0.5897174445259992,-0.1371087727420568,1.1909380585179858,-0.025733376838294367,1.5354284323370744,0.07431086544902232,0.030631255143920344,0.04617031162018502,0.02333907266186185,0.06266822079617697,-0.12464438570745534,-0.04356457557873816,0.3944961904850941,1.8327299719538892,0.1337356409085062,-1.1028860101169737,-0.20210847443822538,-2.7325310236125326,0.6960029738499532,4.652566440170789,1.5107853716503847,-0.27562439222756047,0.0003077777394221922,-0.2927297757260214,-1.2950994305607828,-0.0016086235878999822,-0.005533455923734152,-0.08604688691890201,0.09409332063172081,-0.3045854870773662,-1.2964724691808376,-0.9576733019641902,-0.021444913380930658,1.1738473255390187
8,range10b,0.023930764730629807,0.030152652820075638,0.02650954374234249,0.02853954638604496,0.011521466887764176,-0.08632060667903421,0.15710046975665765,0.034520962906023495,-0.09690077343778464,-0.027366384376475025,0.017782944622641753,-0.2500841922911238,0.11616775474661234,-0.09995154444527242,0.05156019676985553,-0.017983284050676274,-0.013574879141370023,0.10339053029658372,-0.06873141112002785,-0.017812292943679517,-0.0647655837801524,-0.0005807125114761827,-0.13498479169173988,0.07322118477000024,0.12317212620299657,0.06429426054359362,-0.08057454572428778,-0.006526155722357389,0.06977716058051948,0.005284535001326474,-0.07444417230216731,0.00555907599263499,-0.0810077563946972,0.02969270230782997,0.06429151602836154,0.02059075741214423,0.15112940368043637,0.05289367726223269,-0.04908791031310762,0.0020739703600336154,0.045647505032654995,-0.07003610325261193,0.013065946719597085,0.017188408288433717,0.03781413385583437,0.006510994690563134,0.015132799472775372,-0.11782344760253768,-0.049637424164961474,0.19491648838367717,0.0037047901661067303,0.0798477394663393
5,maximumintensity10b,0.007062467554944421,-0.01117862945550864,0.0411351551137617,0.04803375615903878,0.05618781087430502,-0.02628871919256298,0.25010821940099587,-0.010978903227966352,0.005330295816778019,-0.07955071149395182,0.004794585628955692,-0.31639384510926805,0.15591475067623164,-0.1086753065192037,0.06705218902078491,-0.07457748606058741,0.0029459930667977766,0.11470290263305848,-0.05431075124433593,0.01951333613073325,-0.052743249040400855,-0.02042770875462126,-0.06404546299736769,0.0924372217769609,0.1372759696967354,0.09743696946285398,-0.12263940609897352,-0.01592021676464527,0.13150296876711934,0.04794754954555813,-0.017189160516913892,0.07512310159149393,-0.09137504357909183,0.037824936116249486,0.1108135924933785,0.007286508011215764,0.19295444132375678,-0.03440159447786871,0.02329790987887237,0.04165315555817485,0.04461595180041123,-0.08512531222213571,0.024930521395312377,0.01562009859287923,0.06014954246356089,0.027668586321403434,0.02744281941185912,-0.10208234048263343,-0.07025097763205856,0.09587994171574854,0.014129768462596684,0.09137563040863259
4,minimumintensity10b,-0.07950886205776228,-0.18344169387810194,0.05006712972982823,0.06944668324953113,0.18063138601923545,0.2834217721001595,0.32297289998387396,-0.2024731815656441,0.46264718448161735,-0.20548155589188571,-0.06096381767140582,-0.17512622570174838,0.1184445472863092,0.0037339973768916734,0.043657067983583875,-0.22751613314968777,0.07393288486076882,0.005627790368940625,0.0872477834716085,0.16190256919625817,0.07571830093657807,-0.08207391410806174,0.3480871555839038,0.050451306657688544,0.00930509059689405,0.1117700318649423,-0.1422694629927826,-0.03635136118421856,0.22811521062285217,0.17481401244824402,0.2671636562888056,0.286263291330146,-0.010646155574885241,0.02186792879499644,0.1672555702881417,-0.06339500555345355,0.11310170963577255,-0.3831357640637303,0.319786361902016,0.16330733287000604,-0.02250533639711559,-0.03460911985611007,0.043985220333195796,-0.013367294160451182,0.07752575018982436,0.0851409569810058,0.045007175329991336,0.11232660091231461,-0.06566404174581275,-0.48853802830243287,0.041753188116412696,0.17989594408072065
41,imc110b,-0.0418851162460619,0.14988248942581145,0.3272250738228425,-0.2047481909422708,-0.09409158469121681,0.17535212346249635,-0.3457788901128119,-0.013736181961117866,-0.06607633882139108,0.5951919351591147,0.25253325234144414,0.13346865552053438,-0.09830548011035635,0.1367213785229002,0.053105045589884325,-0.08857361219277257,-0.13940681454183843,0.09275959579928615,0.7869608257190738,0.040437601047416616,0.10783816409513766,0.2278326612554427,0.13849965493137273,0.14523745469729124,-0.20399977770899463,0.11036724904165407,0.03506026636387707,-0.1561793187585487,-0.23707032547157797,0.18613156628687133,-0.1066558025420089,0.7651226891949497,-0.02142578148282699,-0.17367101904130416,-0.09767127635757233,0.15122586391270962,-0.02494515227761278,-0.11589850828048852,0.12565279613646893,-0.2051489267160855,0.076737189820421,0.1951589766136684,0.0494102989399515,-0.33195176258027725,-0.07572123902834114,0.06394116909710892,0.10853284686443844,0.07802058736993983,-0.15850412294248162,0.3863905308204237,0.053867054380891455,0.23152717565883713
50,sre10b,0.2586484088817849,0.2340739005200416,0.34446858056919205,0.34298625586699566,-0.19111605904499224,-0.10404158208878737,0.1475317378018775,0.030395116256456328,0.2173741033959969,0.11824747750967347,0.26438897795492283,-0.20805041808311114,0.3498645318851779,0.3854142710114521,0.42091753041770136,0.12439272855793644,0.19662533063083895,0.36541423799272127,-0.11773218475433701,0.13911832122017703,-0.16804253153952364,0.25668278894973434,-0.063634430342214,0.19058826282436342,0.23323006689716175,0.3908838354239509,0.4106984977451494,0.2308874850378855,0.18874495213550033,-0.21819882011815234,0.18281542922171218,0.11980141021799043,0.3055922522568795,-0.2293896582586302,0.13544033615073192,-0.33098547364491215,0.21662621022655798,-0.07338253849457553,-0.185765138488169,0.3536268231203918,0.4680814249040846,-0.041418838129432776,-0.3934240550256233,0.3568535986564948,0.3227925177592952,-0.004002932522430293,0.3817396075956688,-0.14957069205331938,0.10116609281043215,-0.03650903979692641,0.1254169742004359,0.22146072831149624
11,standarddeviation10b,0.0633399955631774,0.4586727992592067,-0.11482320422643755,0.06792467106755173,0.35699441192960535,-0.47265148292139486,-0.012260451492388661,-0.4940459476233663,0.9892453595616715,0.38665057916818,-0.004459888273383526,0.13255784254796707,0.09731283277545892,0.002787012299390934,0.07668585662602678,0.20115312540517288,0.12141694835140039,-0.007808093155576651,1.283884838549783,0.20712731890715863,0.028544384205046458,0.14904527426129188,0.944054382171224,0.11427239364482722,-0.20973811252550079,0.1342227431480946,0.3159219515285544,0.1810454577745516,-0.43111743245426176,0.5929885843656848,-0.11360626979713498,2.966239869879422,0.37661298159299794,-0.882474982607544,-0.30181227997129023,-1.0862449861747072,-0.28141410720530124,0.024036161843706938,-1.3368989236518214,0.42000389618216316,0.13912183553391466,0.5066312122707609,-0.7672316724177275,-0.11359405568244152,0.12262244626188643,-0.037538615013878084,0.3143715924132633,1.031713478112522,0.45847976849957917,-0.15099819310168883,0.12893926614810794,0.630870249763444
34,correlation10b,0.17802418707586243,0.7578359837687044,-0.035883939071192084,-0.10912026060139968,-0.10888076730439689,-0.191156013419063,0.22968242344048292,-0.08522408179658386,0.33068394930246126,0.023704561975483873,-0.03705690492720447,0.12958356839426427,0.5938407069137667,-0.021270379728927646,0.0711875634648155,0.316184620771552,0.09705049114869675,0.38025917869891457,-0.11928607083312706,0.22314549393584962,0.09129905930254965,0.15003562245011054,1.9317676570412168,-0.08566269614839728,-0.1428323880068484,-0.07963705563462806,0.25247706882413884,0.05914926179567939,0.06365847152441091,-0.14915472092832072,0.09267336223999303,-0.16188214325028671,1.2319976180703742,-0.14950985885102058,-0.13684831305116477,0.5783331103825357,-0.009121818935301871,-0.11821577393631713,0.22073548147219632,0.005878665439436048,-0.030020097219338068,-0.08763318661091961,-0.10718269553754603,0.14305504320978438,0.3147989599523018,0.06867429319902585,0.515913428573079,-0.1688666750119116,-0.032319996438712084,-0.06516584040294221,0.13639396309444277,0.3722151271190759
57,srlgle10b,0.19486945685218576,-0.07405179941036916,0.05712341761790363,0.16716965137304274,3.0950069909761773,2.328403553337684,0.9752976438158177,0.07173496319286521,-2.470218100018318,0.2246946514656034,0.03088744899595187,0.5220624863668637,0.1370917681020861,-0.07360664792394178,0.1732147034642113,0.6049995992595361,0.09236155820674402,0.09328318247838868,1.0296552382602266,-0.019285120705000602,-1.17304311209338,0.10883842699879362,-1.411370460325191,0.034734097952313914,0.21000247738142563,0.12621299628339017,0.16847839336244402,0.07183255773377323,0.03586081440909113,-0.18134439454905404,-0.2174477624729854,-1.728864952791688,0.16310855489909548,1.165450527788499,0.2783080626157304,3.33017654509611,-0.2891034003298879,-4.155285376241574,-1.4009569831324091,-0.03923755061906692,0.012957066827744933,0.7205204242172667,1.473264343398875,0.012948905944383582,0.01456041438811119,0.15382239390760616,-0.08750969340289885,0.639899808197173,1.5816772584768835,1.4154372762694276,0.1638924461179532,1.1718390577952251
60,lrhgle10b,-0.17746552821760153,0.22325990270886104,0.17430646311462983,0.06937024791033806,0.8337123225775578,0.8122757903365889,0.3105543607859156,0.5193229372073729,0.4668313200748297,0.30688559093866996,0.15652426003528402,1.1706562596651813,-0.09942805203034359,-0.07668254783015012,-0.005782000339432561,0.4025767212399096,0.26156120293692314,-0.009323606821660528,-0.16936309103956276,0.3879321039293847,1.6832792010754596,0.02608098344550052,0.6681757273499667,0.06400286669225107,-0.04051934943489573,0.418741517721278,-0.18484725484676562,0.047527264999703785,0.0982611119828282,1.0991282663507356,0.3414610092388584,0.8762234115113877,-0.12124950778762206,0.9476429839915879,0.28833875651225405,1.1343515935426418,0.06626403280296546,0.7906752176198264,-0.07756620850082956,0.0335768537046556,0.011090149138440414,0.7465290117230753,0.8340652766830599,-0.24511475115727027,0.03292020570678684,0.5644269245299294,0.17748532084174085,0.35449595676301904,1.1446057082706584,0.7297312409608692,0.3613501635722958,0.4380313425147666
48,sumvariance10b,0.1432347570038309,0.0518445209146282,1.1419824922144506,0.14226105730874744,0.2360685717862887,-0.13881497437743667,0.3320940319570931,-0.18334627195132314,1.3680879215222512,-0.12115745911378159,0.7674264965728396,-0.6918621748647651,0.4959671159633431,0.07753968417894858,-0.017787945916621084,4.307750937844753,-0.06797736238648917,0.4939953231006468,0.02995444409844189,0.2881447511445025,0.33226610995326333,1.0312169820183228,0.2879324555904057,0.15940020440767494,0.5311540292021157,-0.13752168689620636,-0.049809905330971196,0.19229588034031478,0.7017934265817303,0.5266509374053905,2.521804891879755,-0.10341306927383143,-0.13344760956469626,0.09927047189710592,-0.10643407444967734,0.0005689714558807699,0.07299088213033797,0.14902841008866385,2.8520626011472126,0.2030051598731884,0.22930392618714773,1.2125392170843452,0.2382240734959587,0.33113105315037145,0.27364447214969073,0.058834890607709724,1.1823651009788403,0.2762619700171801,-0.32711705713323114,0.07770540790686098,0.4267822807980241,0.8356373793748836
33,contrast10b,-0.3463053632409502,-0.4273683452035801,-0.41371436629675695,-0.6246817585878681,2.226081281709074,2.4832064993075527,0.770786010441363,3.2169995658012045,1.6899988671097783,-0.5582986211924493,-0.30492830266166276,0.5547413979673428,-0.2440825784739275,0.33115021479753304,-0.9902377058327494,1.2401175799515518,-0.5674353456190484,-0.13511705791006315,3.3293591112259766,-0.4523865751106342,1.4935881288739035,-0.4068878749398047,2.0847746705630956,-0.5793709236114339,0.28676943985612613,-0.5353925038624622,-0.40550252272497533,-0.06790906464094872,-0.46511069007282374,0.602348344518791,-0.7913505430169565,2.531298315314459,0.11867408987853167,1.4371709568486908,-0.08631266289938774,2.6351014974841087,0.46878042441079726,0.557560702291958,1.3612703503197607,-0.15575730302031937,-0.10288218553746357,0.7239038886101975,0.9223970531592485,-0.40474611818320294,-0.12252269449365756,-0.09906459841678392,-0.3638925200518049,-0.4553153077232805,2.026097510280923,1.5131654917590696,0.4899753571831208,1.1294884623191679
9,meandeviation10b,0.7527711842532471,0.5732205831991795,0.6205995693715868,0.6169314602517185,-0.5031031849529093,1.1333606743127749,0.7881086373262145,2.2115141558050624,0.27604491709513823,0.5194356756323552,0.49901659227742995,-0.8687840525301627,0.978524984113728,0.8982752112263541,0.6069245820823124,-0.08899982855743098,0.6456083622443884,0.3051615880698193,1.4991645312111626,0.6234537534400832,1.8083355873216818,0.9351825379642202,-0.7463011032047859,0.4553651487826057,0.45917748848270146,0.8037016407172854,0.9040444264786512,0.3196084656450365,0.5816845731865163,0.4330190718956679,1.4025267529951204,-2.1043599711543584,0.801332527507721,2.736280018146914,0.47467304825752743,2.190761451973788,0.13382014839695608,1.7492492474346686,1.9176991496360838,0.4199202220058735,0.3211324235987831,0.12074327250250341,1.6140964994278928,0.7815041425580262,0.32814102495803676,1.1332770823077134,0.4543503173543275,0.3561981052709253,-0.5273053675267221,-0.05959934942599432,0.6457097595873483,0.8189387033684072
13,skewness10b,0.4619395726108519,0.51065558247594,0.8251391196363076,0.5339434218252552,0.9960234098895133,0.8369110871884756,0.8801147696827255,1.2375996640852396,0.9812939153617355,0.6315297921827407,0.5385844969620477,0.6240514318565168,0.32201840321291963,0.542780148371548,0.46312409677011157,1.0691566873591163,0.26746160229168153,0.5917554843590153,1.1132103313830182,0.08136634507638618,1.2805753096992538,0.5051453599735704,0.04725488757847862,0.6683941076173818,0.6564366085282503,0.5930395515519613,0.3589288915847789,0.05477045157451838,0.45595139133051554,1.5934843564301635,1.0878342121690214,0.24106072919074664,0.44387541417170473,2.380095132721822,0.2504069387967119,1.6949775339729654,0.5618710295461115,1.6367180712136844,1.2416810547863004,0.385430828389162,-0.04841374207429682,1.0219361281255503,1.1457499900902401,0.5459882101617328,0.029871674143162406,0.700319797036739,0.5489331925609985,0.9808087688396635,1.6290075064803273,0.881069619817639,0.7416372473718,0.4893645222893023
40,homogeneity210b,-0.15585533807623117,-0.4171952623219572,-0.3455512282603171,-0.4837303416321491,3.3722160797995357,-0.6358934197082196,0.07407944485572426,0.07554623128003973,5.865366933328904,-0.2909761733072134,-0.7039059309909949,0.046027720483624204,-0.21739844597062039,-0.031025040961218914,-0.17045851656354352,1.5858684154806393,-0.10483475189624483,-0.5848143136151818,3.1712057097416126,-0.5936486223025008,0.5084334928522413,-0.0178918834174361,4.720828035465381,-0.38339494904960003,-0.47608888938692173,-0.5505187045414704,0.1049725458158203,-0.15104029933258864,-0.06510812642763314,3.477221232251999,0.5453810921960911,-0.3945762342070103,0.4385942482955676,3.2897209630286675,-0.2576276807382112,-1.1801244887510831,1.037783578818151,2.3266342658037917,3.767377250571971,-0.32817694616484205,-0.2113291121268703,1.2498225552106033,5.184980541115581,-0.6785327510188996,-0.08694047199587572,-0.35682926637771106,-0.4539942515717409,3.9567323554272527,0.7080994791600795,2.592369862667649,0.7554360118587329,1.751470384761064
46,sumaverage10b,0.4364173394175298,0.5902252708874896,0.05262175675740055,0.2365370980062534,-0.22895307809425458,0.580552663729592,1.4877712654276944,3.4263718105250454,1.4814269686911163,0.20108839986980437,0.44855193799437176,1.442552745400246,0.41987893871688614,0.5056197221443479,0.1342711149839218,-3.292515252622957,0.4927276763261005,-0.12101241735551967,1.072729459763453,0.2909430044830306,1.8929753078394551,0.8701202190257208,2.4673190834439316,0.060789329645469625,0.10561756619605173,0.2986154552545456,0.5498517339147442,0.09468302144809389,0.19932984175866447,2.638471119606531,0.42331818806907734,1.9205555065838888,0.37484257098503504,2.8196107473671694,0.44132252051388504,3.20848176850534,0.6433300367397328,1.8750238317414722,0.9256910302595163,0.2641120028543353,0.008600392187147185,0.29795350251227953,0.4012728279745393,0.3774654928746129,0.10553390332233224,0.4802332313762704,0.3241397395586203,1.3800475661974096,4.381060308609469,1.2244009798908624,0.8142515050261551,1.1625487049208238
47,sumentropy10b,0.08902112957568786,0.12440845764520178,-0.016783825790853468,0.027425289394322983,2.950543704660652,-0.4262161139499403,1.0958433998723147,1.2857742110137234,8.68793953880277,-0.0892567115119074,-0.08318743186104643,8.275213813339352,0.11123967722205985,-0.04030624543048289,0.06868694918987428,3.890479148126565,0.3296375463068287,-0.12699397132788456,1.366971227442771,0.07407353577268272,0.39534011977922645,0.38156095977623433,2.5730840401375863,-0.19718566996618814,-0.06645447058385134,-0.24524459013938726,0.3854799084875636,-0.042936368577915836,0.1302556886697387,1.6340655929520898,3.233348555019307,-0.020504383549225957,0.3770446604963492,1.1679570234238592,0.05727618129332762,0.8371633850497905,1.8520275668340016,2.376277654866614,5.391761235407066,0.21777496990894832,-0.02956621248013992,1.7918489356702543,0.8995099141788707,0.0007600995898980889,0.008615278994277855,0.09121993770476144,0.050766391756849855,2.7992657379683847,-2.7382469609542506,-0.43178163443953155,1.0094999375153442,2.0110465984956316
6,meanintensity10b,0.5254878400144982,0.33079891693370195,0.6403964759202609,0.4240177587527284,-1.1835066903628095,0.2835654039478431,1.21585688467829,2.174074947383258,2.8232171321862674,0.4340642583303821,0.4232802658638535,2.704083618590304,0.19694776535061573,0.2999734367425674,0.655446412194372,2.4617894412051236,0.3026388075319559,0.5426177521510634,3.5547783970188433,0.34083038910697283,0.994677616696883,0.48644404629530447,2.0830811460279173,0.5134028370746454,0.5490045720453759,0.3055699505387206,0.49068258574618856,0.20138828059955555,0.4059589696895128,2.9254589890843428,1.4064499009462903,2.163770704508993,-0.02580504165844555,0.4787234370967586,0.45681432928862586,1.2750314864173333,1.192224688887152,3.1305967682356375,0.15230295556812468,0.3606409118908732,0.24769366079617863,1.6043403880149996,1.2616786712081804,0.4988248684514728,0.07682351955434817,0.3977765137315783,0.40831577605253033,2.2917098941229286,4.0564936144201,1.642923140878236,1.0236671679150087,1.0603299800872
12,ventilationheterogeneity10b,0.8511142563951125,1.3010514010661005,0.8710410557383961,0.7653163938491626,2.2495943969420944,0.867246383153314,0.975966379585267,1.0031660072928088,1.2536695169306649,1.2266014667924954,0.955348179400774,1.27479223318102,0.584318754944541,1.3309830667484719,0.856191273123534,2.1020220819969153,1.3740210152690597,0.6957249095997932,0.8659037698143119,1.0757520519587915,1.3896992574688587,0.8043297197265808,1.5013625603060854,0.8318669333194914,0.7143942833922873,0.9724622646181078,0.7073783346552112,0.5524849379169349,0.9004828919881356,1.4839202931946227,0.6868044703002204,1.5292882963008532,1.0127781907895352,1.332536603455051,0.8433643187697888,1.0190392562144799,1.0936027935696675,1.7186124818406898,1.3579318172874533,1.12773823854303,0.5362040859276483,1.2804549636527116,0.951958964515131,0.9873023591964424,0.37955623332871274,0.9575576799225157,1.0413977155726033,0.6948683783838345,1.9969094244573933,1.5149295862361254,1.0880208385726566,0.39105097268854266
25,compactness210b,0.354795371128465,0.03370889970618757,0.12016642698463742,0.3646751491739394,2.1050857107051137,3.5475367380245433,1.621908205532968,1.4407379906903668,1.3164195501984772,0.15306818349126972,0.20367088528471114,1.780541843383536,0.3432782366185654,0.41251656560585837,0.555355966803098,3.2587865075865685,0.09229353138186308,0.5360964508601535,-0.3442603940162866,0.3794424398541064,2.154804495490726,0.18705174662871768,0.8270722604524132,0.44714165276781104,0.6900190853008282,0.1874194051605013,0.6227332241868492,-0.061998460707852,0.4442939231718102,3.0651678595011753,1.3114971880062694,2.027557299953268,0.578172691050489,2.5392859393482903,0.4534973734225839,1.5788455331781,1.7369660798822724,2.629589359237988,1.8714954880879464,0.27504542091346973,-0.17053285705288296,1.323836613559435,2.998144077705776,0.4136497016003854,-0.08802680524805279,0.3785305062520416,0.26875420206861395,0.29384888370626183,4.419326086699671,2.8121159819840935,1.0898225643061428,1.1218127763978811
3,entropy10b,0.12291820416132225,0.03366217971944866,0.22606295450256914,0.27185042709215707,2.909867667614246,0.2251842531061943,1.5680671097925203,0.7834680087152298,12.34001520248586,0.16929938873799216,0.4407718549074104,3.912090669434078,0.08410936161351572,0.2640319863869233,0.1480208082258173,4.904912107000575,-0.016151617473591694,0.3909237234214238,4.755190210499462,0.1500936450208229,2.1636933651550443,0.2998803152684948,2.718097564771109,0.32298576964915576,0.2747450294474291,0.4736026202235522,-0.11272421924457542,0.06485549241245216,0.3621814169123259,1.504644397559441,0.5124635359329198,5.498914364021685,-0.03641589672021239,2.0364869489783977,0.16553119266458222,-3.1867148582825315,1.3537027356936318,1.5677626811268854,2.1175651863231923,0.21368102490250035,0.05948218039276744,1.7013088485053829,3.266998617720235,0.08747189213878687,0.03919940764532355,0.20713242496724865,0.20874722958868006,3.799172703608162,-2.8507942104282593,-0.5687960634036836,1.158984996849882,2.299983397644917
37,energyglcm10b,0.8614414352309746,0.7052113659089355,0.5645121802290866,0.5369616986695166,1.010528210740473,0.36176138972079674,0.9164951003457504,-0.7733202358281162,4.545233206882262,0.670279386679058,0.4455001120180259,0.9961269879584708,0.4463302081994886,0.6930884111109541,0.7824561946270018,4.4473349046021875,0.8169205604978065,0.5131224570978876,1.5013173702281684,0.6995600309245747,3.8786741589281575,0.627008698396293,1.8555748248386799,0.43805604511817886,0.3535081827552897,0.4802117814031373,0.8771237904732457,0.09863855170007209,0.43334039389004925,1.035994051953308,1.7145004281793286,2.5108442626704814,0.6441660487959457,1.2243144485599178,0.5250340397440721,0.860768176349923,0.871061947976304,4.436836805684627,2.666607518250254,0.6144690105732594,0.09433916737763401,1.628347026687079,2.424716637266444,0.5435053394415303,0.07846247461218997,0.47968789061375466,0.403284069252486,2.492554692178345,-0.00953412448975044,3.974480420171071,1.179948754703892,1.2221668857468762
30,clusterprominence10b,0.672095050511067,-0.023071076426124135,0.44755674028730985,0.5217261369966835,1.824619241400561,1.9056756137943542,1.9207930454591746,2.3030570750991486,2.9178940178027792,0.10015919243171661,0.4426902899421535,2.5771062230757615,0.8210577762346478,0.3764999139900419,0.4921710392823351,1.0671876838699896,0.10403382465790885,0.3286013941280905,1.40596954618247,0.17878560030194557,2.311681390596595,0.5607501169222538,4.35788682845818,0.5022994666515912,0.38070761781355433,0.16107354037876834,0.32270761645087304,0.028833530793654926,0.26759317187244946,3.400555880247089,2.3040682760802165,2.732806569013573,0.09118164470795426,3.138198708755121,0.3047211140045904,1.1531654277651526,1.4577915320054677,4.189808726900928,4.404143229005649,0.3981196889848587,0.010220461340389805,1.3392569454428722,2.4464840538142107,0.7510612475238104,-0.20883988750619048,-0.05241279788925997,0.16938692752692452,2.7894213931896306,4.468596658093136,3.0746956674239327,1.3528114615078,1.3474811896836796
32,clustertendency10b,-0.3457162297766668,0.1914367486150758,-0.31828976619473226,-0.34959491798717013,6.647376546113355,2.3440983406758797,-0.048255744228952936,0.8379644852266483,8.862740126756917,-0.22640228624593475,-0.34255901407012546,2.6134557004883576,-0.3237290116435077,-0.40638260326171144,0.03712434918868096,3.8668322049571446,0.12064272073330091,-0.3056859011367483,2.3309094914515693,-0.3648608404134073,3.1928775525882576,-0.23715793489805967,6.226905867660774,-0.3474094214772886,-0.4741166366532314,-0.16873445545611793,0.02320148148381089,-0.05922377775497968,-0.10535791461274518,3.500009121264417,-0.7786001592170257,4.056320743665666,0.03532437662630511,3.6711611159242343,-0.14109337112390768,3.811629623508248,-0.09398656245387413,2.35244058947265,4.104347092121673,-0.1727069364812792,-0.07167748378315864,-0.6675820642580865,8.457286065040266,-0.3326084620803786,-0.039540314454016394,0.0017303859035450414,0.03856627284915052,4.691502584592857,0.07427419334472907,3.3194505829156915,1.373766731070122,2.437802239326563
61,extrudedsurfacearea10b,1.6714315702958549,0.8802009404226516,0.9695203013775081,1.0391287501416941,1.8590772288855002,5.062266305342721,2.1260707215726775,5.749377659512013,2.9743988519469187,0.42217957635046677,1.0122334695312127,3.827585381600332,1.5731351573781034,1.5332766123889352,1.0579713770824093,0.12447040818244089,1.4808134412908556,0.7307439102497411,4.845698350840358,1.0878325278708354,3.0707615080067803,1.007981802833236,5.249334644553639,1.206673268298605,0.6029394896650049,1.3427520408742233,1.753477827469095,0.2898181871243929,0.8311188510387298,1.39531795740405,2.709715987961824,1.566325896632371,1.651020224527746,4.224748843983391,0.7476219699688371,4.748609376478055,1.8289724437927133,1.4612125250904167,2.228678803630414,1.5512608747883792,0.3381958683554735,3.0366018568858655,3.7614381387120215,1.1741034943356488,0.23852007085907884,1.3414803316934256,1.0631197696976384,2.956267315560171,5.946786903502157,0.0165848754395045,1.9873770738285221,1.5396110437296158
0,voxelcount10b,0.2588938943132119,0.04926739424580465,0.2707696600080509,0.3455839613689785,6.551998684054204,4.586132469004852,1.4428476868271152,3.497201519741313,11.359060317262532,0.24201042466691625,0.32119267848016336,0.783752073381819,0.28445045999310675,0.18894271370230487,0.2427326798055529,9.246349969089202,0.2726698002549684,0.1811598837817007,5.979542751630263,0.21411422988766748,3.570405628140357,0.349826763100442,8.557646129351177,0.18912514179288076,0.4003643346351632,0.15596194313210837,0.27403345795488326,0.06793840888414879,0.30663569819243974,4.718298543592687,1.7642691123527057,11.106016733830435,0.20724236100609061,4.098184053722374,0.12166152876992886,-0.553593456322868,2.38746821665621,7.046777084351109,6.425552699041515,0.24250265742480104,0.02960269594514617,2.5413369765627043,3.3369026280930116,0.18540951689986007,0.029585414160906102,0.0598336604094004,0.19131847249505524,7.979535091813716,6.793474632054624,2.0524369063968027,2.4190885257187906,3.219020052026091
38,entropyglcm10b,0.102580451606827,0.06792910219079044,-0.014926521468184573,0.15824595042270684,8.874683292087795,6.107183264679053,1.40975404895383,6.638526146699757,6.1435777642597635,-0.07383425800427534,0.015499789544974659,2.3131826676152456,0.2324690403294075,-0.014373476206737512,0.13404992275047423,8.540184380723032,0.35098092153761,-0.049938050849036145,8.25896273323906,0.007574840387323589,6.13814915839372,0.18957629332561343,10.374797040673066,-0.1066784964935813,0.09480001486299933,-0.1514083924092871,0.3365354090052243,-0.05400451632858771,0.16951084718459578,9.721339821407739,1.4392741151230517,11.737157770264941,0.3672062404621561,5.266734755598652,0.15332403794014424,5.190572754117593,1.7080707121854677,6.9484998122228285,9.623618803643977,0.17827576983985607,-0.021424781513533834,1.880299591687152,3.955641240100231,0.12676255421262078,-0.007118668847817192,0.1622625523599766,0.10159881380310488,7.13139406618788,10.771475327396384,3.4612693972324884,2.9217964810827612,3.732049955964907
53,rln10b,0.2912164444442866,0.27815461897464716,0.2664556435172239,0.5276446768639165,7.746611972062438,4.282654560999171,2.763151525146161,10.092981618759449,5.005050213702353,0.4833752738157932,0.27740387935466204,9.251702672354275,0.1476598624325347,0.2357157134345665,0.4887643557845213,1.9951785353708176,0.3818262754177861,0.4298146907927456,13.404845568254162,0.5028788900922418,6.967668478332305,0.252594397677062,9.481503801613165,0.47562260012773944,0.2639821410984207,0.1117819240723542,0.4291196919342762,0.0878844526181755,0.3648024540392605,8.201472363400427,3.1040474644915093,0.9121409364445204,0.23343748565912437,9.627881485182609,0.24063579736178614,12.1734970860812,1.9072710427936748,3.29271527391669,10.921224346148394,0.3022511195159409,0.029891147030753247,2.445633461155373,6.845203529034678,0.41376314533603825,0.05488284543010596,0.30344577247971416,0.4981359921228377,4.295271081285861,4.17819456874962,3.9894345842412693,3.025169549218973,3.8031744989857024
58,srhgle10b,0.901977615750227,0.3750855641338551,1.4494893350156044,1.3192646327063913,8.647131044731763,9.194271258808298,4.748919353029564,7.859509958055836,5.482625664613612,1.1066212042575583,1.3688644233285707,7.405553583195577,1.0701309715157734,1.283328120661157,0.8771906600630307,7.964815269871404,1.0887360139634839,1.3853283312048912,5.68498867893123,0.9825084503662983,10.322922676647137,0.9689698280693464,6.796609545766921,1.4348469160166508,1.6014643570726954,1.5234177641500914,0.9058662095441907,0.020808554514530748,1.238239261331483,10.689465696229261,5.462829258091063,10.361911788607985,0.685639295278187,9.957284935302622,1.145454898448891,7.756669469931598,5.200235245744145,10.843964709660206,6.8177717079611355,1.213905828163862,0.09522666610905112,6.017675308069791,10.15020739951784,1.0516253856998183,0.17086050149142123,0.79738002855134,0.9044412036354093,9.900812069326717,7.116105564938324,11.202630521751898,4.251031654596555,3.7958113810899454
62,extrudedvolume10b,0.9485758427757383,1.2465353879486838,1.1520548688231953,0.4441180528743903,10.055074672563062,7.885156527919438,3.875842168718891,5.953874744510159,12.913611811943628,0.9941255351748347,1.427848077283453,7.203083198132564,0.9319204839614466,0.8648236826063248,0.843795288438408,10.185006804028417,1.0184965187712227,0.9780437974842243,11.463252954269294,0.7706548161617808,7.041861796662232,0.9289755183792608,13.709205509428443,0.9576312383142468,1.0821353330648187,1.0358794979980257,0.9024610235955803,0.14182815698483744,1.3329951688824855,6.873160319324381,4.856109710797962,10.75075564398281,0.8403810211106109,8.75761899064814,1.1980692642961681,10.723821009700728,4.306466456176747,9.662980988392075,8.02129220861774,1.122148935864007,0.19811526512342037,3.86463552592478,7.859054584375887,1.1355882374162352,0.21579804605825145,1.5133057247740294,0.9125266967803748,10.333155670730681,8.225011745977472,4.954176436012446,4.292260819195681,4.099693218239854
35,differenceentropy10b,0.608203024345396,0.574105710238057,0.5311937884166623,0.3879331790456598,22.80929830108001,14.471694101884662,3.137697554516517,10.861200502834953,12.121238732044308,0.7048117039308279,0.513316593477845,10.286970041483832,0.46719101551357023,0.7082165891507206,0.47697290504468814,11.758372047424256,0.4041388782571376,0.5403365275500421,13.077012741816382,0.6812729399433085,9.607554648116157,0.49216400974189245,17.55479532349268,0.696020216090518,0.44000898362975904,0.6903683276792042,0.33994843150773296,0.12788509863273156,0.34685358955057605,17.82867221705651,3.098648667002961,20.000890491606686,0.3221004839569034,9.88632245876112,0.5969835625732034,9.368420128452684,3.1551558137495417,15.749343261739702,16.519935616762787,0.42565069103333786,0.0764401689958973,3.1216759896457327,13.234055710978659,0.3721239447804904,0.08597383057372321,0.498413419831974,0.4371246739361134,11.432636848800337,17.964355710974996,11.643104204215069,5.824696068037371,6.8528270617437395
